2349,Band Aid,Band Aid Washproof Antiseptic Adhesive Band Aid,Set of 10,25,https://rukminim1.flixcart.com/image/280/280/jk4bngw0/adhesive-band-aid/j/y/d/washproof-antiseptic-1-band-aid-original-imaf7jswhzu7g5mc.jpeg?q=70
2349,Band Aid,Band Aid Flexible Fabric Adhesive Band Aid,Set of 10,20,https://rukminim1.flixcart.com/image/280/280/jk4bngw0/adhesive-band-aid/v/t/3/flexible-fabric-1-band-aid-original-imaf7jsw4qwwyvmn.jpeg?q=70
2349,Bella,Bella Cotton Buds A200,200 Units,98,https://rukminim1.flixcart.com/image/280/280/jd4u5jk0/cotton-ball-pad-bud/n/6/f/buds-a200-200-bella-cotton-original-imaf2446eckgn2re.jpeg?q=70
2349,BELLA,BELLA COTTON BUDS WITH ALOE VERA EXTRACT PLASTIC BOX,200 Units,127,https://rukminim1.flixcart.com/image/280/280/cotton-ball-pad-bud/k/9/5/200-1-bella-cotton-buds-with-aloe-extract-original-imae4prz43bhwd2t.jpeg?q=70
2349,BELLA,BELLA COTTON COSMETIC BALLS COLOURED,100 Units,127,https://rukminim1.flixcart.com/image/280/280/jd94h3k0/cotton-ball-pad-bud/a/h/j/1-cosmetic-balls-coloured-a-100-bella-cotton-original-imaf2446mvbz37hh.jpeg?q=70
2349,Bella Cotton,Bella Cotton Cotton Pads Round A80 Pcs,80 Units,127,https://rukminim1.flixcart.com/image/280/280/jd94h3k0/cotton-ball-pad-bud/h/z/x/cotton-pads-round-a80-pcs-80-bella-cotton-original-imaf2446jfuvga66.jpeg?q=70
2349,Bella Cotton,Bella Cotton Cotton Pad Oval With Alovera,100 Units,167,https://rukminim1.flixcart.com/image/280/280/cotton-ball-pad-bud/h/s/g/100-bella-cotton-cotton-pad-oval-with-alovera-original-imaeybpbpts5h7x2.jpeg?q=70
2349,Boroplus,Boroplus Healthy Skin Antiseptic Cream,80 ml,113,https://rukminim1.flixcart.com/image/280/280/k226oi80/antiseptic/e/y/x/120-healthy-skin-boroplus-original-imafhhtke3szfyes.jpeg?q=70
2349,Boroplus,Boroplus Cocoa Soft Body Lotion,400 ml,325,https://rukminim1.flixcart.com/image/280/280/k70spzk0/body-skin-treatment/4/6/d/400-cocoa-soft-body-lotion-boroplus-original-imafpcgxyb9rqc6p.jpeg?q=70
2349,Boroplus,Boroplus Doodh Kesar Body Lotion,400 ml,275,https://rukminim1.flixcart.com/image/280/280/k23m4cw0/body-skin-treatment/f/g/z/400-doodh-kesar-body-lotion-boroplus-original-imafhjy4bteswckq.jpeg?q=70
2349,Dabur,Dabur Chyawanprakash Sugarfree,500 g,202,https://rukminim1.flixcart.com/image/280/280/jzrb53k0/chyawanprash/a/x/j/500-chyawanprakash-sugarfree-dabur-original-imafjpatqgp64yfk.jpeg?q=70
2349,Dabur,Dabur Chyawanprash,500 g,171,https://rukminim1.flixcart.com/image/280/280/k7ksvww0/chyawanprash/f/b/r/500-chyawanprash-dabur-original-imafps98jauf3gbg.jpeg?q=70
2349,Dabur,Dabur Nature Care Isabgol Amla Powder,375 g,237,https://rukminim1.flixcart.com/image/280/280/j63x7rk0/digestive-probiotic/h/e/9/375-nature-care-isabgol-digestive-dabur-original-imaewnbv6hzcxz6k.jpeg?q=70
2349,Dabur,Dabur Pudin Hara Active Pudina Drink,30 ml,46,//img1a.flixcart.com/www/linchpin/fk-cp-zion/img/placeholder_9951d0.svg
2349,Dettol,Dettol Effective Protection Antiseptic Liquid,5 L,1356,https://rukminim1.flixcart.com/image/280/280/j9yixe80/antiseptic/b/a/s/5-antiseptic-liquid-dettol-original-imaezn8agxppnpxk.jpeg?q=70
2349,Emami,Emami Mentho Plus Balm,9 ml Jar,32,https://rukminim1.flixcart.com/image/280/280/j3orcsw0/body-pain-relief/k/z/c/9-mentho-plus-himani-original-imaeurm2bzzrvhr6.jpeg?q=70
2349,Eno,Eno Fruit Salt Regular Powder,100 g,118,https://rukminim1.flixcart.com/image/280/280/k1l1ea80/digestive-probiotic/d/y/x/100-fruit-salt-regular-digestive-eno-original-imafh4hjgdwwpnyz.jpeg?q=70
2349,Eno,Eno Fruit Salt Orange Flavour,100 g,108,https://rukminim1.flixcart.com/image/280/280/k1l1ea80/digestive-probiotic/t/f/h/100-fruit-salt-orange-flavour-digestive-eno-original-imafh4hh5tqskzhx.jpeg?q=70
2349,Himani,Himani Fast Relief Pain Cream,45 ml Tube,138,https://rukminim1.flixcart.com/image/280/280/j3orcsw0/body-pain-relief/t/k/x/45-fast-relief-pain-himani-original-imaeurm3fh7t2ayy.jpeg?q=70
2349,Iodex,Iodex Multi Purpose Pain Balm,40 g Jar,128,https://rukminim1.flixcart.com/image/280/280/jbcjc7k0/body-pain-relief/f/p/9/45-multi-purpose-pain-iodex-original-imafypvc8wpeqb9h.jpeg?q=70
2349,KamaSutra,KamaSutra Long Last Condom,20 Units,136,https://rukminim1.flixcart.com/image/280/280/jmnrtzk0-1/condom/r/h/f/20-long-last-1-kamasutra-original-imaf9ggaexycn92f.jpeg?q=70
2349,KamaSutra,KamaSutra Dotted Condom,12 Units,84,https://rukminim1.flixcart.com/image/280/280/jmnrtzk0-2/condom/w/r/x/12-dotted-1-kamasutra-original-imaf9jycfeey9eze.jpeg?q=70
2349,KamaSutra,KamaSutra Superthin Condom,20 Units,136,https://rukminim1.flixcart.com/image/280/280/jmnrtzk0/condom/4/q/u/20-superthin-1-kamasutra-original-imaf9gccgtbsyuzm.jpeg?q=70
2349,KamaSutra,KamaSutra Smooth Pink Passion Condom,10 Units,52,//img1a.flixcart.com/www/linchpin/fk-cp-zion/img/placeholder_9951d0.svg
2349,KamaSutra,KamaSutra Ribbed Condom,12 Units,72,https://rukminim1.flixcart.com/image/280/280/jmp79u80/condom/b/u/h/12-ribbed-1-kamasutra-original-imaf9j9gfkxhuwwe.jpeg?q=70
2349,KamaSutra,KamaSutra Intensity Condom,12 Units,91,https://rukminim1.flixcart.com/image/280/280/j6fcqkw0/condom/x/6/a/12-intensity-1-kamasutra-original-imaewwcwdyxrzfr6.jpeg?q=70
2349,KamaSutra,KamaSutra Dottmax Condom,3 x 0.33,50,https://rukminim1.flixcart.com/image/280/280/k3t21zk0/condom/y/z/a/1-dottmax-2064-dots-condom-3-kamasutra-original-imafmur5dneqnqpw.jpeg?q=70
2349,Moov,Moov Pain Relief Specialist Spray,50 g Spray Bottle,157,https://rukminim1.flixcart.com/image/280/280/k7w8eq80/body-pain-relief/h/h/t/80-pain-relief-specialist-moov-original-imafqf92eaqyfnkf.jpeg?q=70
2349,Moov,Moov Painrelief Specialist Cream,50 g Tube,143,https://rukminim1.flixcart.com/image/280/280/k7w8eq80/body-pain-relief/6/b/z/50-pain-relief-cream-moov-original-imafqffce7kz6rhb.jpeg?q=70
2349,Organic India,Organic India Chyawanprash,500 g,493,https://rukminim1.flixcart.com/image/280/280/jhgl5e80/chyawanprash/x/c/a/500-chywanprash-organic-india-original-imaf5h4zfjzkwjff.jpeg?q=70
2349,Vicks,Vicks Vaporub Balm,110 ml Plastic Jar,227,https://rukminim1.flixcart.com/image/280/280/jplif0w0/body-pain-relief/e/n/y/110-vaporub-vicks-original-imafbsqyzh4ghg9t.jpeg?q=70
2349,Vicks,Vicks Inhaler Inhaler,0.5 ml Inhaler,50,https://rukminim1.flixcart.com/image/280/280/jxtakcw0/body-pain-relief/z/r/k/5-inhaler-vicks-original-imafg3gde8pmqnsu.jpeg?q=70
2349,Vicks,Vicks Babyrub Balm,50 ml Plastic Jar,147,https://rukminim1.flixcart.com/image/280/280/jvqzo280/body-pain-relief/g/q/x/50-babyrub-vicks-original-imafghftk7rgrsja.jpeg?q=70
2349,Zandu,Zandu Balm,25 ml,69,https://rukminim1.flixcart.com/image/280/280/j3uh47k0/body-pain-relief/5/u/4/25-balm-zandu-original-imaeuw43zdgnvgwy.jpeg?q=70
2349,Zandu,Zandu Ultra Power Balm,8 ml Plastic Jar,42,https://rukminim1.flixcart.com/image/280/280/j3orcsw0/body-pain-relief/b/4/r/8-ultra-power-zandu-original-imaeurm35gzmzzgg.jpeg?q=70
2349,Zandu,Zandu Pancharishta Digestive Drink,200 ml,65,https://rukminim1.flixcart.com/image/280/280/jk8lz0w0/digestive-probiotic/w/d/9/200-pancharishta-digestive-zandu-original-imaf7mwbepuuzd67.jpeg?q=70
2349,Zandu,Zandu Kesari Jivan,450 g,392,//img1a.flixcart.com/www/linchpin/fk-cp-zion/img/placeholder_9951d0.svg
