2544,Beardo,Beardo Activated Charcoal Deep Cleansing Face Scrub,100 g,315,https://rukminim1.flixcart.com/image/280/280/j80icnk0/scrub/z/a/c/100-activated-charcoal-deep-cleansing-face-beardo-original-imaey4hfzfh9ykua.jpeg?q=70
2544,Beardo,Beardo Ultraglow All In 1 Lotion,100 g,225,https://rukminim1.flixcart.com/image/280/280/j77xjm80-1/moisturizer-cream/m/c/x/100-ultraglow-all-in-1-men-s-face-lotion-beardo-original-imaexgbrbgq5gbep.jpeg?q=70
2544,Bio-Oil,"Bio-Oil Specialist Skin Care Oil - Scars, Stretch Mark, Ageing, Uneven Skin Tone",60 ml,382,https://rukminim1.flixcart.com/image/280/280/juu4jgw0/bath-essential-oil/w/2/b/60-specialist-skincare-bio-oil-original-imaffvhphm7pgmvf.jpeg?q=70
2544,Boroplus,Boroplus Doodh Kesar Body Lotion,300 ml,248,https://rukminim1.flixcart.com/image/280/280/k226oi80/moisturizer-cream/j/p/k/300-doodh-kesar-body-lotion-boroplus-lotion-original-imafhg8uxktjwbtg.jpeg?q=70
2544,Boroplus,Boroplus Cocoa Soft Body Lotion,400 ml,211,https://rukminim1.flixcart.com/image/280/280/k3erngw0/moisturizer-cream/b/f/x/400-cocoa-soft-body-lotion-boroplus-lotion-original-imafmjdqyent5wd4.jpeg?q=70
2544,Boroplus,Boroplus Aloe Vera Gel Haldi Chandan Kesar,150 ml,99,https://rukminim1.flixcart.com/image/280/280/k9d3p8w0/moisturizer-cream/v/g/e/150-aloe-vera-gel-haldi-chandan-kesar-boroplus-gel-original-imafr6565ghhcnrx.jpeg?q=70
2544,Boroplus,Boroplus Aloe Vera Gel,150 ml,85,//img1a.flixcart.com/www/linchpin/fk-cp-zion/img/placeholder_9951d0.svg
2544,Dabur,Dabur Gulabari Women,120 ml,42,https://rukminim1.flixcart.com/image/280/280/k9re3rk0/toner/3/5/c/120-gulabari-dabur-original-imafrhjzwf3vga2n.jpeg?q=70
2544,Dabur,Dabur Gulabari Rose Glow Cleanser Men & Women,100 ml,71,https://rukminim1.flixcart.com/image/280/280/j3yrfrk0/face-wash/f/n/v/100-gulabari-rose-glow-cleanser-gulabari-face-freshner-original-imaeuyzhrcdvvgsg.jpeg?q=70
2544,Dove,Dove Deep Moisturisation Cream,250 ml,296,https://rukminim1.flixcart.com/image/280/280/jmjhifk0/moisturizer-cream/v/x/f/250-deep-moisturisation-cream-dove-cream-original-imaf9fdfzytupggz.jpeg?q=70
2544,Dove,Dove Rich Nourishment Cream,250 ml,296,https://rukminim1.flixcart.com/image/280/280/jmjhifk0/moisturizer-cream/q/9/b/250-rich-nourishment-cream-dove-cream-original-imaf9ezufbuebny8.jpeg?q=70
2544,Dove,Dove Essential Nourishment Body Lotion,250 ml,320,https://rukminim1.flixcart.com/image/280/280/j9n3ekw0/moisturizer-cream/c/5/b/250-essential-nourishment-body-lotion-dove-original-imaeezu6ffdapkgk.jpeg?q=70
2544,Everyuth Naturals,Everyuth Naturals Exfoliating Walnut  Scrub,100 g,128,https://rukminim1.flixcart.com/image/280/280/ka73y4w0/face-pack/h/z/d/100-advanced-hydrating-exfoliating-walnut-apricot-scrub-paste-original-imafrtp6up3tbwgp.jpeg?q=70
2544,Everyuth Naturals,Everyuth Naturals Golden Glow Peel Off Mask,90 g,115,https://rukminim1.flixcart.com/image/280/280/ka73y4w0/face-pack/z/t/4/50-golden-glow-peel-off-mask-peel-off-mask-everyuth-naturals-original-imafrtp6pzu2ryk5.jpeg?q=70
2544,Everyuth Naturals,Everyuth Naturals Advanced Hydrating & Exfoliating Walnut Apricot Scrub,100 g,130,https://rukminim1.flixcart.com/image/280/280/ka73y4w0/face-pack/h/z/d/100-advanced-hydrating-exfoliating-walnut-apricot-scrub-paste-original-imafrtp6up3tbwgp.jpeg?q=70
2544,Everyuth Naturals,Everyuth Naturals Pure and Light Tan Removal Pack,50 g,99,//img1a.flixcart.com/www/linchpin/fk-cp-zion/img/placeholder_9951d0.svg
2544,Everyuth Naturals,Everyuth Naturals Naturals Pure and Light Tan Removal Scrub,50 g,115,https://rukminim1.flixcart.com/image/280/280/ka73y4w0/scrub/c/j/h/50-naturals-pure-and-light-tan-removal-everyuth-naturals-original-imafrtp7azhbmwvh.jpeg?q=70
2544,Everyuth Naturals,Everyuth Naturals Orange Peel Off Mask,90 g,110,https://rukminim1.flixcart.com/image/280/280/ka73y4w0/face-pack/q/g/2/90-orange-peel-off-mask-peel-off-mask-everyuth-naturals-original-imafrtp6vzwu6ny9.jpeg?q=70
2544,Fair and Handsome,Fair and Handsome Fairness Cream,50g Emami Fair And Handsome Face Wash Free,90,https://rukminim1.flixcart.com/image/280/280/jp1i93k0/fairness/z/t/h/60-fairness-cream-fair-and-handsome-original-imafbcra4sw5ztkn.jpeg?q=70
2544,Fair and Handsome,Fair and Handsome Laser 12 Advanced Whitening Cream,60 g,172,https://rukminim1.flixcart.com/image/280/280/jbfe7ww0-1/fairness/n/z/n/60-laser-12-advanced-whitening-cream-fair-and-handsome-original-imaetzzahwatkgug.jpeg?q=70
2544,Fairever,Fairever Face Cream,80 g,135,https://rukminim1.flixcart.com/image/280/280/jezzukw0/fairness/e/w/4/80-face-cream-fairever-original-imaf3hvnrqhjgxeq.jpeg?q=70
2544,Fem,Fem Fairness Naturals Gold Bleach,24 g,61,https://rukminim1.flixcart.com/image/280/280/jiyvvrk0/fairness/4/w/e/64-fairness-naturals-gold-fem-original-imaf6nd2qghhfdgd.jpeg?q=70
2544,Freshee,Freshee Value Plus Facial Tissue,100 Units,246,https://rukminim1.flixcart.com/image/280/280/jl2m7ww0/facial-tissue/w/x/g/value-plus-facial-tissue-100-4-freshee-original-imaf8ampkapfvtnz.jpeg?q=70
2544,Freshee,Freshee Premium Pocket Hankies,10 Units,81,https://rukminim1.flixcart.com/image/280/280/jqwny4w0/facial-tissue/r/p/n/premium-pocket-hankies-6-10-freshee-original-imafctcfwf7sy9ae.jpeg?q=70
2544,Garnier,"Garnier Skin Naturals, Charcoal, Face Serum Sheet Mask (Black)",28 g,98,https://rukminim1.flixcart.com/image/280/280/k9pynww0/face-pack/h/t/c/28-skin-naturals-charcoal-face-serum-sheet-mask-black-sheet-mask-original-imafrg9pgjahnny6.jpeg?q=70
2544,Garnier,Garnier Light Complete Night,18 g,108,https://rukminim1.flixcart.com/image/280/280/jdvziq80/fairness/m/2/v/18-white-complete-night-cream-garnier-original-imaf2zyzwhas6jue.jpeg?q=70
2544,Garnier,"Garnier Skin Naturals, Sakura White, Face Serum Sheet Mask (Pink)",32 g,98,https://rukminim1.flixcart.com/image/280/280/k9pynww0/face-pack/y/x/n/32-skin-naturals-sakura-white-face-serum-sheet-mask-pink-sheet-original-imafrg9p8afzvaep.jpeg?q=70
2544,Garnier,Garnier Skin Naturals BB Cream,30 g,163,https://rukminim1.flixcart.com/image/280/280/jwxuvm80/moisturizer-cream/m/p/c/30-skin-naturals-bb-cream-garnier-cream-original-imafhgmdnz8bkfyp.jpeg?q=70
2544,Garnier,"Garnier Skin Naturals, Light Complete, Face Serum Sheet Mask (Yellow)",30 g,98,https://rukminim1.flixcart.com/image/280/280/k9pynww0/face-pack/k/9/r/32-skin-naturals-light-complete-face-serum-sheet-mask-yellow-original-imafrg9pkzgubspn.jpeg?q=70
2544,Garnier,Garnier Skin Naturals Light Complete Serum Cream SPF 19,45 g,163,https://rukminim1.flixcart.com/image/280/280/joonafk0/moisturizer-cream/z/7/a/18-light-complete-serum-cream-spf-19-cream-garnier-original-imaf8aeqdv7t8mje.jpeg?q=70
2544,Garnier,Garnier Sun Control Daily Moisturiser - SPF 15,50 ml,175,https://rukminim1.flixcart.com/image/280/280/sunscreen/7/6/e/garnier-50-15-sun-control-daily-moisturiser-uva-original-imaed7cwas8tgcsa.jpeg?q=70
2544,Garnier,"Garnier Skin Naturals, Hydra Bomb, Face Serum Sheet Mask (Blue)",32 g,98,https://rukminim1.flixcart.com/image/280/280/k9pynww0/face-pack/d/v/k/32-skin-naturals-hydra-bomb-face-serum-sheet-mask-blue-sheet-original-imafrg9pq4dyuep4.jpeg?q=70
2544,Himalaya,Himalaya Aloe and Cucumber Refreshing Body Lotion,400 ml,246,https://rukminim1.flixcart.com/image/280/280/j4d1ua80/moisturizer-cream/d/m/f/400-aloe-and-cucumber-refreshing-body-lotion-himalaya-original-imaeva7edajgxjjz.jpeg?q=70
2544,Himalaya,Himalaya Lip Balm Plain,Plain,35,https://rukminim1.flixcart.com/image/280/280/jepzrm80/lip-balm/n/t/x/10-lip-balm-himalaya-original-imaf3chzczfzf8sr.jpeg?q=70
2544,Himalaya,Himalaya Purifying Neem Face Pack,100 g,121,https://rukminim1.flixcart.com/image/280/280/j3rm8i80/moisturizer-cream/m/z/a/100-purifying-neem-pack-himalaya-original-imaeuu5hhc4vxvhw.jpeg?q=70
2544,Himalaya,Himalaya Purifying Neem  Scrub,100 g,121,https://rukminim1.flixcart.com/image/280/280/jepzrm80/scrub/s/4/t/100-purifying-neem-scrub-himalaya-original-imaf3chzhpc6zxqj.jpeg?q=70
2544,Himalaya,Himalaya Shine Lip Care Strawberry,Strawberry,138,https://rukminim1.flixcart.com/image/280/280/jepzrm80/lip-balm/3/b/c/4-5-shine-lip-care-himalaya-original-imaf3chzgbqtezpy.jpeg?q=70
2544,Himalaya,Himalaya Gentle Exfoliating Apricot  Scrub,100 g,121,https://rukminim1.flixcart.com/image/280/280/jepzrm80/scrub/u/7/y/100-gentle-exfoliating-apricot-scrub-himalaya-original-imaf3chzgybjrhmz.jpeg?q=70
2544,Himalaya,Himalaya Lip Care Rick Cocoa Butter,Rick Cocoa Butter,135,https://rukminim1.flixcart.com/image/280/280/j4pwsy80-1/lip-balm/4/f/z/4-5-rich-cocoa-butter-lip-care-himalaya-original-imaevjddqergpugg.jpeg?q=70
2544,Himalaya,Himalaya Refreshing and Clarifying Toner Men & Women,100 ml,80,https://rukminim1.flixcart.com/image/280/280/jidg9zk0/toner/r/q/n/100-refreshing-clarifying-toner-himalaya-original-imaf66y3bfmjbhkr.jpeg?q=70
2544,Himalaya,Himalaya Refreshing Cleansing Milk,100 ml,85,https://rukminim1.flixcart.com/image/280/280/j9d3bm80/moisturizer-cream/f/s/g/100-refreshing-cleansing-milk-body-lotion-himalaya-original-imaez6gejr5vdgxb.jpeg?q=70
2544,Himalaya,Himalaya Purifying Neem Pack,50 g,73,https://rukminim1.flixcart.com/image/280/280/j406vm80/face-pack/u/6/j/50-purifying-neem-pack-himalaya-original-imaevyncnzdwzt68.jpeg?q=70
2544,Himalaya,Himalaya Nourishing Body Lotion for Normal Skin,400 ml,220,https://rukminim1.flixcart.com/image/280/280/k4ss2a80/moisturizer-cream/p/w/r/400-nourishing-body-lotion-for-normal-skin-himalaya-lotion-original-imafnmgc8xjewxbe.jpeg?q=70
2544,Himalaya,Himalaya Protective Sunscreen Lotion - SPF 15 PA+,100 ml,176,https://rukminim1.flixcart.com/image/280/280/k2dm7bk0/sunscreen/d/h/q/100-protective-sunscreen-lotion-15-himalaya-original-imafgpt3bj8ynauw.jpeg?q=70
2544,Himalaya,Himalaya Under Eye Cream,15 ml,171,https://rukminim1.flixcart.com/image/280/280/j5h264w0/moisturizer-cream/s/k/4/15-herbals-under-eye-cream-himalaya-original-imaew5h9rsy7x3eh.jpeg?q=70
2544,Himalaya,Himalaya Cocoa Butter Intensive Body Lotion,400 ml,246,https://rukminim1.flixcart.com/image/280/280/jepzrm80/moisturizer-cream/r/v/g/400-cocoa-butter-intensive-body-lotion-himalaya-original-imaf3chzy8ufzbdg.jpeg?q=70
2544,Himalaya,Himalaya Natural Soft Lip Care Vanilla,Vanilla,135,https://rukminim1.flixcart.com/image/280/280/j4ohd3k0/lip-balm/j/m/p/4-5-natural-soft-vanilla-lip-care-himalaya-original-imaevjp3nngv3smd.jpeg?q=70
2544,Himalaya,Himalaya Gentle Exfoliating Walnut  Scrub,100 g,121,https://rukminim1.flixcart.com/image/280/280/scrub/s/3/f/himalaya-100-gentle-exfoliating-walnut-scrub-original-imadyfha6ahdprpe.jpeg?q=70
2544,Himalaya,Himalaya Oil Clear Mud Face Pack,100 g,121,https://rukminim1.flixcart.com/image/280/280/j406vm80/face-pack/x/9/c/100-oil-clear-mud-face-pack-himalaya-original-imaevyncntme76ar.jpeg?q=70
2544,Himalaya,Himalaya Refreshing Fruit Pack,100 g,121,https://rukminim1.flixcart.com/image/280/280/jepzrm80/face-pack/a/h/d/100-refreshing-fruit-pack-himalaya-original-imaf3chzvhqujkth.jpeg?q=70
2544,Khadi Natural,Khadi Natural Lavender Essential Oil,50% Extra in Pack,277,https://rukminim1.flixcart.com/image/280/280/jkobte80/bath-essential-oil/9/g/r/15-ayurvedic-lavender-essential-oil-khadi-natural-original-imaezypvgpkb6zfh.jpeg?q=70
2544,Khadi Natural,Khadi Natural Jasmine Essential Oil,50% Extra in Pack,277,https://rukminim1.flixcart.com/image/280/280/jkobte80/bath-essential-oil/b/q/m/15-ayurvedic-jasmine-essential-oil-khadi-natural-original-imaezyps3wdfeehu.jpeg?q=70
2544,Khadi Natural,Khadi Natural Eucalyptus Essential Oil,50% Extra in Pack,277,https://rukminim1.flixcart.com/image/280/280/jkobte80/bath-essential-oil/2/t/y/15-ayurvedic-eucalyptus-essential-oil-khadi-natural-original-imaezypsfxzupgvc.jpeg?q=70
2544,Khadi Natural,Khadi Natural Basil Essential Oil,10 ml,323,//img1a.flixcart.com/www/linchpin/fk-cp-zion/img/placeholder_9951d0.svg
2544,Khadi Natural,Khadi Natural Herbal Facial Massage Gel,100 g,182,https://rukminim1.flixcart.com/image/280/280/jcp4b680/face-pack/n/r/a/100-classic-malt-khadi-natural-original-imaffrmzmqtqzkxh.jpeg?q=70
2544,Khadi Natural,Khadi Natural Rosemary Essential Oil,50% Extra in Pack,323,https://rukminim1.flixcart.com/image/280/280/j6gs6fk0/bath-essential-oil/z/y/z/10-rosemary-essential-oil-khadi-natural-original-imaewngtjzbwjecg.jpeg?q=70
2544,Krack,Krack Heel Repair Cream,25 g,82,https://rukminim1.flixcart.com/image/280/280/jpbic280/moisturizer-cream/g/d/s/25-heel-repair-cream-cream-krack-original-imafbhg4gfzxjbq4.jpeg?q=70
2544,Lakme,Lakme Light and Non Sticky Sun Expert Ultra Matte Lotion - SPF 50 PA+++,100 ml,473,https://rukminim1.flixcart.com/image/280/280/jtltw280/sunscreen/g/4/m/100-sun-expert-ultra-matte-lotion-spf-50-lakme-original-imafevkzck8yt47w.jpeg?q=70
2544,Lakme,Lakme Peach Milk Moisturiser Body Lotion,120 ml,197,https://rukminim1.flixcart.com/image/280/280/jesunbk0/moisturizer-cream/q/z/x/120-peach-milk-moisturiser-lakme-original-imafygvxhzyufdbr.jpeg?q=70
2544,Lakme,Lakme Peach Milk Moisturiser SPF 24 PA++,120 ml,229,https://rukminim1.flixcart.com/image/280/280/jesunbk0/moisturizer-cream/a/w/3/60-peach-milk-moisturiser-sunscreen-lotion-spf-24-pa-lakme-original-imafygvxdmpzr8xz.jpeg?q=70
2544,Lakme,Lakme Sun Expert Ultra Matte Lotion - SPF 30 PA++,50 ml,228,https://rukminim1.flixcart.com/image/280/280/jesunbk0/sunscreen/j/u/v/50-sun-expert-ultra-matte-lotion-30-lakme-original-imaeukpugygt7pwt.jpeg?q=70
2544,Lakme,Lakme Peach Milk Soft Creme,30% Extra in Pack,99,https://rukminim1.flixcart.com/image/280/280/j63x7rk0/moisturizer-cream/b/g/7/50-peach-milk-soft-creme-lakme-original-imaewndhsmqtnhgz.jpeg?q=70
2544,Lakme,Lakme Absolute Perfect Radiance Skin Lightening Day Creme,15 g,123,https://rukminim1.flixcart.com/image/280/280/jesunbk0/fairness/e/r/d/15-absolute-perfect-radiance-skin-lightening-day-creme-lakme-original-imaez6hvbkdmsuwk.jpeg?q=70
2544,Lakme,Lakme Sun Expert Ultra Matte Gel - SPF 50 PA+++,100 ml,448,https://rukminim1.flixcart.com/image/280/280/jtiz0cw0/sunscreen/t/h/z/100-sun-expert-ultra-matte-gel-50-lakme-original-imafeuz4ecnnu5bh.jpeg?q=70
2544,Lakme,Lakme Sun Expert Fairness UV Sunscreen Lotion - SPF 24 PA++,60 ml,208,https://rukminim1.flixcart.com/image/280/280/jesunbk0/sunscreen/8/g/2/60-sun-expert-fairness-uv-sunscreen-lotion-24-lakme-original-imaewnajh2dzzkbb.jpeg?q=70
2544,Lakme,Lakme Sun Expert UV Lotion - SPF 24 PA++,120 ml,337,https://rukminim1.flixcart.com/image/280/280/jtiz0cw0/sunscreen/b/d/e/120-sun-expert-uv-lotion-spf-24-lakme-original-imafeuv6qghanrds.jpeg?q=70
2544,LOTUS HERBALS,LOTUS HERBALS WhiteGlow Skin Whitening & Brightening Gel Creme SPF-25 I PA+++,40 g,278,https://rukminim1.flixcart.com/image/280/280/jjg15zk0/fairness/b/f/f/40-whiteglow-skin-whitening-brightening-gel-creme-spf-25-i-pa-original-imaez6ger9h73h9g.jpeg?q=70
2544,LOTUS HERBALS,LOTUS HERBALS WhiteGlow Skin Whitening & Brightening Hand & Body Lotion SPF-25 I PA+++,300 ml,307,https://rukminim1.flixcart.com/image/280/280/j9d3bm80/fairness/m/u/w/60-whiteglow-skin-whitening-brightening-hand-body-lotion-spf-25-original-imaez6geefhrkp6z.jpeg?q=70
2544,LOTUS HERBALS,LOTUS HERBALS Herbals Fresh Apricot  Scrub,100 g,163,https://rukminim1.flixcart.com/image/280/280/scrub/z/g/u/lotus-100-herbals-fresh-apricot-scrub-original-imaeza44jhdhchyx.jpeg?q=70
2544,LOTUS HERBALS,LOTUS HERBALS Whiteglow Oatmeal & Yogurt Skin Whitening  Scrub,100 g,213,https://rukminim1.flixcart.com/image/280/280/jbi93m80/face-treatment/a/e/n/300-white-glow-oatmeal-yogurt-skin-whitening-scrub-100-g-pack-of-original-imaeza44kvynf2pj.jpeg?q=70
2544,LOTUS HERBALS,LOTUS HERBALS Safe Sun UV Screen Matte Gel - SPF 50 PA+++,100 g,438,https://rukminim1.flixcart.com/image/280/280/j3er9u80/sunscreen/a/k/u/100-safe-sun-uv-screen-matte-gel-50-lotus-herbals-original-imaeujv7kghh7vkr.jpeg?q=70
2544,LOTUS HERBALS,LOTUS HERBALS Safe Sun Absolute Anti-Tan Scrub,100 g,292,https://rukminim1.flixcart.com/image/280/280/jyvvgcw0/sunscreen/x/h/m/100-herbal-anti-tan-skin-lightening-exfoliating-scrub-100-gm-0-original-imaeza44utshc6fj.jpeg?q=70
2544,LOTUS HERBALS,LOTUS HERBALS Lip Balm Strawberry,Strawberry,153,https://rukminim1.flixcart.com/image/280/280/j391ifk0/lip-balm/y/n/x/5-lip-balm-lotus-herbals-original-imaeufcvh62bzegj.jpeg?q=70
2544,LOTUS HERBALS,LOTUS HERBALS Safe Sun Daily Sunblock Cream - SPF 40 PA+++,100 g,392,https://rukminim1.flixcart.com/image/280/280/sunscreen/z/z/g/lotus-herbals-100-safe-sun-3-in-1-matte-look-daily-sunblock-original-imadgyhvjgczhzcy.jpeg?q=70
2544,LOTUS HERBALS,LOTUS HERBALS Safe Sun Advanced Daily UV Shield - SPF 30 PA+++,100 g,332,https://rukminim1.flixcart.com/image/280/280/sunscreen/s/y/f/lotus-herbals-100-spf30-safe-sun-men-advanced-daily-uv-shield-original-imaejgyvxwfzwyyg.jpeg?q=70
2544,LOTUS HERBALS,LOTUS HERBALS Safe Sun Block Cream - SPF 30 PA++,100 g,342,https://rukminim1.flixcart.com/image/280/280/jyvvgcw0/sunscreen/f/7/2/100-herbals-safe-sun-indian-summer-formula-pf-uva-spf-30-uvb-sun-original-imaeza44kd6eghhv.jpeg?q=70
2544,Lotus Herbals,Lotus Herbals Lip Therapy Cherry,Cherry,163,https://rukminim1.flixcart.com/image/280/280/j391ifk0/lip-balm/z/y/y/4-lip-therapy-lotus-herbals-original-imaeufdfjwzsfgng.jpeg?q=70
2544,Lotus Herbals,Lotus Herbals Basiltone Cucumber & Basil Clarifying & Balancing Toner Women,100 ml,292,https://rukminim1.flixcart.com/image/280/280/j2f19jk0/toner/q/7/p/100-basiltone-cucumber-basil-clarifying-balancing-toner-lotus-original-imaetrtjqax9xf4v.jpeg?q=70
2544,Lotus Herbals,Lotus Herbals Almond Daily Nourishing Body Lotion SPF 20,250 ml,268,https://rukminim1.flixcart.com/image/280/280/jezzukw0/moisturizer-cream/v/f/p/250-almond-nourishing-daily-nourishing-body-lotion-spf-20-lotus-original-imaf3kgzgyvrxrpv.jpeg?q=70
2544,Lotus Herbals,Lotus Herbals Safe Sun UV-Protect Body Lotion - SPF 25 PA+++,250 ml,257,https://rukminim1.flixcart.com/image/280/280/j3uh47k0/moisturizer-cream/h/6/a/250-safe-sun-uv-protect-body-lotion-nourishing-whitening-milk-original-imaeuw3wsrsh2wkv.jpeg?q=70
2544,Lotus Herbals,Lotus Herbals Safe Sun Anti-Tan Body Lotion - SPF 25 PA+++,250 ml,242,https://rukminim1.flixcart.com/image/280/280/sunscreen/9/t/y/lotus-herbals-250-spf25-safe-sun-anti-tan-bodylotion-silky-original-imaejgyv2vfehf2x.jpeg?q=70
2544,Lotus Herbals,Lotus Herbals Nutramoist Skin Renewal Daily Moisturising Creme SPF 25,50 g,452,https://rukminim1.flixcart.com/image/280/280/j3rm8i80/moisturizer-cream/m/y/w/50-nutra-moist-skin-renewal-daily-moisturising-creme-spf-25-original-imaeuu5hpydhns5g.jpeg?q=70
2544,Lotus Herbals,Lotus Herbals Fresh Apricot Scrub,180 g,292,https://rukminim1.flixcart.com/image/280/280/scrub/7/8/v/lotus-herbals-60-fresh-apricot-scrub-original-imae9z3sawgwx6ys.jpeg?q=70
2544,Lotus Herbals,Lotus Herbals Claywhite Black Clay Skin Whitening Face Pack,120 g,342,https://rukminim1.flixcart.com/image/280/280/j3xbzww0/face-pack/t/x/g/120-black-clay-skin-whitening-face-pack-lotus-herbals-original-imaeuyfc3n7zzy8h.jpeg?q=70
2544,Lotus Herbals,Lotus Herbals AloeSoft Daily Body Lotion SPF 20,250 ml,248,https://rukminim1.flixcart.com/image/280/280/j3rm8i80/moisturizer-cream/u/6/9/250-aloe-soft-daily-body-lotion-spf-20-lotus-herbals-original-imaeuu5hjtwyd2xz.jpeg?q=70
2544,Lotus Herbals,Lotus Herbals Sheamoist Moisturiser,120 g,292,https://rukminim1.flixcart.com/image/280/280/j4irlow0/moisturizer-cream/p/q/x/120-sheamoist-shea-butter-and-real-strawberry-24hr-moisturiser-original-imaeveywch2hgttc.jpeg?q=70
2544,Lotus Herbals,Lotus Herbals Nutranite Skin Renewal Nutritive Night Creme,50 g,452,https://rukminim1.flixcart.com/image/280/280/j63x7rk0/moisturizer-cream/w/c/3/50-nutranite-skin-renewal-nutritive-night-creme-lotus-herbals-original-imaewn7fs93zt2rh.jpeg?q=70
2544,Lotus Herbals,Lotus Herbals Whiteglow Oatmeal & Yogurt Skin Whitening Scrub,80 g,213,https://rukminim1.flixcart.com/image/280/280/j612c280/face-pack/q/j/z/80-whiteglow-oatmeal-and-yogurt-skin-whitening-scrub-lotus-original-imaewkx4fu8z3hte.jpeg?q=70
2544,Lotus Herbals,Lotus Herbals Papayablem Papaya-N-Saffron Anti-Blemish Cream,50 g,452,https://rukminim1.flixcart.com/image/280/280/j3uh47k0/moisturizer-cream/u/e/8/50-papayablem-papaya-n-saffron-anti-blemish-cr-me-lotus-herbals-original-imaeuw3wgwbnrsfb.jpeg?q=70
2544,Lotus Herbals,Lotus Herbals Cocomoist Cocoa-Butter Moisturising Lotion,170 ml,392,https://rukminim1.flixcart.com/image/280/280/jepzrm80/moisturizer-cream/3/t/f/170-cocomoist-cocoa-butter-moisturising-lotion-lotus-herbals-original-imaf3chzzwsfxsvr.jpeg?q=70
2544,Lotus Herbals,Lotus Herbals Safe Sun Moisturising Sunscreen Lotion - SPF 30 PA++,100 g,373,https://rukminim1.flixcart.com/image/280/280/j98t0280/sunscreen/z/h/d/100-spf-30-moisturising-sunscreen-lotion-100-gms-pack-of-2-30-original-imaejgyvhuqcxd6y.jpeg?q=70
2544,Lotus Herbals,Lotus Herbals Tea Tree Clear Clarifying Face Pack,120 g,342,https://rukminim1.flixcart.com/image/280/280/ji0lbbk0/face-pack/j/q/m/120-tea-tree-clear-clarifying-face-pack-peel-off-mask-lotus-original-imaf5vbbszeqtjjx.jpeg?q=70
2544,Lotus Herbals,Lotus Herbals Safe Sun Anti-Tan Sunblock Cream - SPF 30 PA+++,50 g,242,https://rukminim1.flixcart.com/image/280/280/jyq5oy80/sunscreen/g/8/9/100-herbals-skin-lightening-anti-tan-sunblock-cream-0-lotus-original-imaezh6jmczxq5mr.jpeg?q=70
2544,MAYBELLINE NEW YORK,MAYBELLINE NEW YORK New York Baby Lips Lip Balm Berry Crush,Berry Crush,140,https://rukminim1.flixcart.com/image/280/280/jxf05u80/lip-balm/z/8/p/4-new-york-baby-lips-lip-balm-maybelline-original-imafhgmfughysn4h.jpeg?q=70
2544,MAYBELLINE NEW YORK,MAYBELLINE NEW YORK New York Baby Lips Lip Balm Pink Lolita,Pink Lolita,173,https://rukminim1.flixcart.com/image/280/280/k2p1q4w0/lip-balm/m/s/m/4-new-york-baby-lips-lip-balm-maybelline-original-imafhfy3y3hdtn7y.jpeg?q=70
2544,Neutrogena,Neutrogena Ultra Sheer Sunblock Cream - SPF 50 PA+++,30 ml,191,https://rukminim1.flixcart.com/image/280/280/jw0zr0w0/sunscreen/2/m/d/30-ultra-sheer-sunblock-cream-50-neutrogena-original-imafgszc7vhxmgpn.jpeg?q=70
2544,Neutrogena,Neutrogena Deep Clean Blackhead Eliminating Daily Scrub,100 g,296,https://rukminim1.flixcart.com/image/280/280/ju8oxow0/scrub/u/f/e/100-deep-clean-blackhead-eliminating-daily-neutrogena-original-imaffehxcytrmqer.jpeg?q=70
2544,Neutrogena,Neutrogena Ultra Sheer Sunblock Cream - SPF 50+ PA+++,88 ml,547,https://rukminim1.flixcart.com/image/280/280/j48riq80/sunscreen/2/n/g/88-ultra-sheer-50-neutrogena-original-imaev6xrtyqfhzsr.jpeg?q=70
2544,Neutrogena,Neutrogena Body Moisturizer,250 ml,502,https://rukminim1.flixcart.com/image/280/280/jk76j680/moisturizer-cream/4/w/h/250-body-moisturizer-neutrogena-lotion-original-imaf7hnxh3qfymgv.jpeg?q=70
2544,Neutrogena,Neutrogena Oil-Free Moisture Cream,118 ml,373,https://rukminim1.flixcart.com/image/280/280/jk76j680/moisturizer-cream/g/d/d/118-oil-free-moisture-cream-neutrogena-cream-original-imaf7hnxtfdfdmhe.jpeg?q=70
2544,Neutrogena,Neutrogena Deep Clean Blackhead Scrub,100 g,296,https://rukminim1.flixcart.com/image/280/280/jk76j680/scrub/s/q/h/100-deep-clean-blackhead-neutrogena-original-imaf7hk6utmhvn3c.jpeg?q=70
2544,Nivea,Nivea Fruity Shine Lip Balm Strawberry,Strawberry,185,https://rukminim1.flixcart.com/image/280/280/j3xbzww0/lip-balm/z/e/x/4-8-lip-care-nivea-original-imaeusx7haxgkbpz.jpeg?q=70
2544,NIVEA,NIVEA Express Hydration Body Lotion,400 ml,243,https://rukminim1.flixcart.com/image/280/280/jtbtt3k0/moisturizer-cream/7/g/q/400-express-hydration-body-lotion-nivea-lotion-original-imafeph8gjphjmgy.jpeg?q=70
2544,NIVEA,NIVEA Nourishing Body Milk Lotion & Oil in Lotion Cocoa Nourish Body Lotion,520 ml,354,https://rukminim1.flixcart.com/image/280/280/k20r8nk0/moisturizer-cream/h/m/4/520-nourishing-body-milk-lotion-oil-in-lotion-cocoa-nourish-body-original-imafhghqyvv9sdrz.jpeg?q=70
2544,NIVEA,NIVEA Aloe Body Cream,50 ml,49,https://rukminim1.flixcart.com/image/280/280/jfbfde80/moisturizer-cream/p/b/s/50-aloe-soft-cream-nivea-original-imaf3stkemsay5tg.jpeg?q=70
2544,NIVEA,NIVEA Shine Caring Lip Balm Strawberry,Strawberry,157,//img1a.flixcart.com/www/linchpin/fk-cp-zion/img/placeholder_9951d0.svg
2544,NIVEA,NIVEA Cocoa Nourish and Body Milk Nourishing Lotion,520 ml,375,https://rukminim1.flixcart.com/image/280/280/jqv8ia80/moisturizer-cream/y/r/q/520-cocoa-nourish-body-lotion-400ml-with-nourishing-body-milk-original-imafcsmyqvepgaya.jpeg?q=70
2544,NIVEA,NIVEA Aloe Soft Cream,200 ml,216,https://rukminim1.flixcart.com/image/280/280/jf751u80/moisturizer-cream/c/z/b/200-aloe-soft-cream-nivea-original-imaf3pt3bdjfhdyd.jpeg?q=70
2544,NIVEA,NIVEA Lip Care Fruity Shine Blackberry Berry,Berry,157,https://rukminim1.flixcart.com/image/280/280/jrz8u4w0/lip-balm/2/w/8/4-8-lip-care-fruity-shine-blackberry-nivea-original-imafdnf3gbgnsguu.jpeg?q=70
2544,NIVEA,"NIVEA Soft Light Moisturizing Cream, Berry Blossom Fragrance, with Vitamin E & Jojoba Oil (Face & Body Cream)",200 ml,216,https://rukminim1.flixcart.com/image/280/280/jskofww0/moisturizer-cream/6/b/q/200-soft-light-moisturizer-berry-blossom-cream-nivea-original-imafe487aypjrtwh.jpeg?q=70
2544,NIVEA,NIVEA Aloe Hydration Body Lotion,200 ml,216,https://rukminim1.flixcart.com/image/280/280/jpa2w7k0/moisturizer-cream/z/z/6/200-aloe-hydration-body-lotion-lotion-nivea-original-imafbkcufnp4vaju.jpeg?q=70
2544,NIVEA,NIVEA Body Milk Nourishing Lotion,120 ml,106,https://rukminim1.flixcart.com/image/280/280/k6zda4w0/moisturizer-cream/g/v/2/120-body-milk-nourishing-lotion-nivea-lotion-original-imafpbjdz5bgkc8f.jpeg?q=70
2544,NIVEA,NIVEA Extra Whitening Cell Repair SPF 15 Body Lotion,400 ml,339,https://rukminim1.flixcart.com/image/280/280/jtbtt3k0/moisturizer-cream/w/z/4/400-extra-whitening-cell-repair-spf-15-body-lotion-nivea-lotion-original-imafeph85egp3ngh.jpeg?q=70
2544,NIVEA,"NIVEA Soft Light Moisturizing Cream, Tropical Fruit Fragrance, with Vitamin E & Jojoba Oil(Face & Body Cream)",200 ml,216,https://rukminim1.flixcart.com/image/280/280/jskofww0/moisturizer-cream/n/z/n/200-soft-light-mositurizer-tropical-fruit-cream-nivea-original-imafe487bgr7ptqt.jpeg?q=70
2544,NIVEA,NIVEA Creme,60 ml,98,https://rukminim1.flixcart.com/image/280/280/jxm5d3k0/moisturizer-cream/z/z/7/60-creme-nivea-cream-original-imafgfj3megpbmc9.jpeg?q=70
2544,NIVEA,NIVEA Soft Moisturizing Cream,200 ml,216,https://rukminim1.flixcart.com/image/280/280/jtbtt3k0/moisturizer-cream/a/a/n/100-soft-light-moisturiser-nivea-cream-original-imafeph8pdjjxjzy.jpeg?q=70
2544,NIVEA,NIVEA Cocoa Nourish Oil in Lotion,200 ml,216,https://rukminim1.flixcart.com/image/280/280/jm9hfgw0/moisturizer-cream/g/z/c/200-cocoa-nourish-oil-in-lotion-nivea-lotion-original-imaf97kt6bxqabyh.jpeg?q=70
2544,NIVEA,NIVEA Whitening Cool Sensation and Body Milk Nourishing Lotion,520 ml,398,https://rukminim1.flixcart.com/image/280/280/jqv8ia80/moisturizer-cream/u/d/a/520-whitening-cool-sensation-body-lotion-400ml-with-nourishing-original-imafcsman2dmdnxr.jpeg?q=70
2544,NIVEA,NIVEA Rose and Argan Oil in Lotion,400 ml,319,https://rukminim1.flixcart.com/image/280/280/jtbtt3k0/moisturizer-cream/m/w/z/400-rose-and-argan-oil-in-lotion-nivea-lotion-original-imafeph8hfbhmyhg.jpeg?q=70
2544,NIVEA,NIVEA Skin Refining  Scrub,150 ml,169,https://rukminim1.flixcart.com/image/280/280/jtbtt3k0/scrub/t/j/x/150-skin-refining-scrub-nivea-original-imafeph82d9fanhv.jpeg?q=70
2544,NIVEA,NIVEA Smooth Milk Body Lotion 400ml with Nourishing Body Milk 120ml,520 ml,472,https://rukminim1.flixcart.com/image/280/280/jqv8ia80/moisturizer-cream/z/y/h/520-smooth-milk-body-lotion-400ml-with-nourishing-body-milk-original-imafcsmaf5agcxzk.jpeg?q=70
2544,NIVEA,NIVEA Extra Whitening Cell Repair Body Lotion,120 ml,145,https://rukminim1.flixcart.com/image/280/280/jf2uqa80/moisturizer-cream/q/s/f/120-extra-whitening-cell-repair-body-lotion-nivea-original-imaf3mngsxdwkzry.jpeg?q=70
2544,NIVEA,NIVEA Extra Whitening Cell Repair Body Lotion SPF 15,200 ml,221,https://rukminim1.flixcart.com/image/280/280/j1cgdjk0/moisturizer-cream/h/q/s/200-extra-whitening-cell-repair-body-lotion-nivea-original-imaesy5fr4ybfqrf.jpeg?q=70
2544,NIVEA,NIVEA Whitening Even Tone Body Lotion,200 ml,191,https://rukminim1.flixcart.com/image/280/280/j4n1x8w0/moisturizer-cream/k/m/b/200-body-lotion-whitening-even-tone-uv-protect-all-skin-types-original-imaeva7e4hvqn7dz.jpeg?q=70
2544,NIVEA,NIVEA Smooth Milk with Shea Butter Body Lotion,120 ml,123,https://rukminim1.flixcart.com/image/280/280/jtbtt3k0/moisturizer-cream/7/g/g/120-smooth-milk-with-shea-butter-body-lotion-nivea-lotion-original-imafeph8nguftxjt.jpeg?q=70
2544,NIVEA,NIVEA Sun Moisturising Lotion - SPF 30 PA++,125 ml,338,https://rukminim1.flixcart.com/image/280/280/jtbtt3k0/sunscreen/h/r/4/125-sun-moisturising-lotion-30-nivea-original-imafeph9b8k8gwhg.jpeg?q=70
2544,NIVEA,NIVEA Whitening Cool Sensation Body Lotion,75 ml,113,https://rukminim1.flixcart.com/image/280/280/jf2uqa80/moisturizer-cream/c/k/4/75-whitening-cool-sensation-body-lotion-nivea-original-imaf3mnhgfksx8xn.jpeg?q=70
2544,NIVEA,NIVEA Soft Lip Balm Rose,Rose,157,https://rukminim1.flixcart.com/image/280/280/jvl9wnk0/lip-balm/5/j/7/4-8-soft-lip-balm-nivea-original-imafgd5shnhthbvj.jpeg?q=70
2544,NIVEA,NIVEA Extra Whitening Cell Repair and Body Milk Nourishing Lotion,520 ml,522,https://rukminim1.flixcart.com/image/280/280/jqv8ia80/moisturizer-cream/z/y/x/520-whitening-cell-repair-body-lotion-400ml-with-nourishing-body-original-imafcsmarjzvvrth.jpeg?q=70
2544,NIVEA,NIVEA Sun Moisturising Lotion - SPF 50+ PA++++,125 ml,424,https://rukminim1.flixcart.com/image/280/280/jtbtt3k0/sunscreen/f/c/j/125-sun-moisturising-lotion-50-nivea-original-imafeph8n6k5gypg.jpeg?q=70
2544,NIVEA,NIVEA Soft Moisturing Crme & Nourishing Body Milk Lotion,420 ml,472,https://rukminim1.flixcart.com/image/280/280/jsyyufk0/moisturizer-cream/q/y/r/420-soft-moisturing-crme-nourishing-body-milk-lotion-nivea-cream-original-imafeen2wnwdzpxz.jpeg?q=70
2544,NIVEA MEN,NIVEA MEN Dark Spot Reduction Creme,75 ml,147,https://rukminim1.flixcart.com/image/280/280/jtbtt3k0/fairness/r/t/u/75-dark-spot-reduction-creme-nivea-men-original-imafeph8zndszhk9.jpeg?q=70
2544,NIVEA MEN,NIVEA MEN Oil Control Moisturiser,50 ml,167,https://rukminim1.flixcart.com/image/280/280/jf2uqa80/fairness/w/h/q/50-men-oil-control-moisturiser-nivea-original-imaf3mngmnftzm8y.jpeg?q=70
2544,NIVEA MEN,NIVEA MEN Dark Spot Reduction Moisturiser,20 ml,79,https://rukminim1.flixcart.com/image/280/280/jka1evk0/fairness/w/x/m/20-dark-spot-reduction-moisturiser-nivea-men-original-imaf7zfg9rmrzq3h.jpeg?q=70
2544,NIVEA MEN,NIVEA MEN Creme,75 ml,126,//img1a.flixcart.com/www/linchpin/fk-cp-zion/img/placeholder_9951d0.svg
2544,NIVEA MEN,NIVEA MEN Dark Spot Reduction Creme,30 ml,85,https://rukminim1.flixcart.com/image/280/280/jtbtt3k0/moisturizer-cream/n/h/9/30-dark-spot-reduction-creme-nivea-men-cream-original-imafeph8vyehe25v.jpeg?q=70
2544,Nyle,Nyle Hydrate and Smooth Body Lotion - Rose,400 ml,263,https://rukminim1.flixcart.com/image/280/280/jzd0qkw0/moisturizer-cream/c/7/n/400-hydrate-and-smooth-body-lotion-rose-nyle-lotion-original-imafjejhahqyq8u7.jpeg?q=70
2544,Nyle,Nyle Nourish and Smooth Body Lotion - Carrot,400 ml,263,https://rukminim1.flixcart.com/image/280/280/jzd0qkw0/moisturizer-cream/8/r/y/400-nourish-and-smooth-body-lotion-carrot-nyle-lotion-original-imafjejgqcerpaqe.jpeg?q=70
2544,Olay,Olay Natural White Instant Glowing Fairness,40 g,178,https://rukminim1.flixcart.com/image/280/280/jl5h3m80/fairness/v/h/f/40-natural-white-7-in-1-instant-glowing-fairness-olay-original-imaf8cbhg4nufq6z.jpeg?q=70
2544,Olay,"Olay Total Effects 7 In 1 Anti Ageing Day Cream - Normal, SPF 15",50 g,809,https://rukminim1.flixcart.com/image/280/280/jepzrm80/fairness/7/9/b/50-total-effects-7-in-1-anti-ageing-cream-normal-olay-original-imaf3chzagvxz9ga.jpeg?q=70
2544,Olay,Olay Natural White Night Cream,50 g,362,https://rukminim1.flixcart.com/image/280/280/jgb5dow0/moisturizer-cream/u/7/s/50-natural-white-night-cream-olay-original-imaffkf7skfpevbp.jpeg?q=70
2544,Olay,"Olay Total Effects 7 In 1 Lightweight Anti-Ageing Cream, SPF 15",20 g,397,//img1a.flixcart.com/www/linchpin/fk-cp-zion/img/placeholder_9951d0.svg
2544,Olay,Olay Age Protect Anti-Ageing Cream,18 g,187,https://rukminim1.flixcart.com/image/280/280/j3uh47k0/fairness/p/z/y/18-age-protect-anti-aging-cream-olay-original-imaeuwe8pbwvmsap.jpeg?q=70
2544,Olay,Olay Natural White Glowing Fairness Cream DAY SPF 24,50 g,362,https://rukminim1.flixcart.com/image/280/280/jg2kqkw0/moisturizer-cream/2/k/q/50-natural-white-glowing-fairness-cream-day-spf-24-olay-original-imaffkf7zvrkwrtc.jpeg?q=70
2544,Olay,Olay White Radiance Advanced Fairness Brightening Intensive Cream SPF 24,20 g,397,https://rukminim1.flixcart.com/image/280/280/jg2kqkw0/moisturizer-cream/r/h/y/20-white-radiance-advanced-whitening-fairness-protective-skin-original-imaf4ec2fhxr8c4x.jpeg?q=70
2544,Olay,Olay Total Effects 7 In 1 Anti Ageing Night Cream,50 g,846,https://rukminim1.flixcart.com/image/280/280/jvpk87k0/anti-ageing/h/h/a/50-total-effects-7-in-1-anti-ageing-night-cream-olay-original-imaffwny3cdyf3fj.jpeg?q=70
2544,Olay,Olay Total Effects 7 In 1 Anti Ageing Serum,50 ml,846,https://rukminim1.flixcart.com/image/280/280/j3uh47k0/fairness/q/b/8/50-total-effects-7-in-1-anti-aging-serum-olay-original-imaeuwe8fyjxfcnf.jpeg?q=70
2544,Olay,Olay Total Effects 7 In 1 Anti Ageing Day Cream - Normal SPF 15,8 g,158,https://rukminim1.flixcart.com/image/280/280/jhgl5e80/fairness/g/f/h/8-total-effect-7-in-1-anti-aging-skin-cream-normal-spf-15-olay-original-imaf5h4qheywszbr.jpeg?q=70
2544,Olay,Olay Moisturizing Skin Cream,100 g,547,https://rukminim1.flixcart.com/image/280/280/j3uh47k0/fairness/r/r/h/100-total-effect-anti-aging-moisturizing-skin-cream-olay-original-imaeuwe8ccghzzjk.jpeg?q=70
2544,Olay,Olay White Radiance Advanced Fairness Protective Skin Cream Moisturizer UVA/UVB - SPF 24 PA++,50 g,997,https://rukminim1.flixcart.com/image/280/280/jr2dpjk0/moisturizer-cream/r/d/y/50-white-radiance-advanced-fairness-protective-skin-cream-original-imafcxragc5hzfew.jpeg?q=70
2544,Origami,Origami So Soft Face Tissue,100,158,https://rukminim1.flixcart.com/image/280/280/k6ci8i80/facial-tissue/h/t/h/so-soft-face-tissues-200-2-origami-original-imafzthpqwg8u8r5.jpeg?q=70
2544,Origami,Origami So..Soft Face Tissues,400,248,https://rukminim1.flixcart.com/image/280/280/k6fd47k0/facial-tissue/h/y/2/so-soft-face-tissues-400-2-origami-original-imafzvtdxpedrbss.jpeg?q=70
2544,Origami,"Origami So Soft Face Tissue Pack of 5, 2 Ply",200,623,https://rukminim1.flixcart.com/image/280/280/jy65j0w0/facial-tissue/z/y/y/so-soft-face-tissue-2-ply-5-200-origami-original-imafggxyudp7htdh.jpeg?q=70
2544,Origami,Origami So Soft Face Tissue 2 Ply,6,477,//img1a.flixcart.com/www/linchpin/fk-cp-zion/img/placeholder_9951d0.svg
2544,Palmer's,Palmer's Cocoa Butter Formula Lip Balm Original,Original,128,https://rukminim1.flixcart.com/image/280/280/jd94h3k0/lip-balm/h/j/s/4-cocoa-butter-formula-lip-balm-palmer-s-original-imaf27b45cbpuubw.jpeg?q=70
2544,Palmer's,Palmer's Cocoa Butter Formula moisturizing cream,100 g,423,https://rukminim1.flixcart.com/image/280/280/jah3ngw0/moisturizer-cream/8/4/e/100-cocoa-butter-formula-moisturizing-cream-palmer-s-original-imafyfewqhdfqjyg.jpeg?q=70
2544,Palmer's,Palmer's Massage Cream for Stretch Marks,125 g,473,https://rukminim1.flixcart.com/image/280/280/jhkvgy80/moisturizer-cream/r/a/r/125-massage-cream-for-stretch-marks-palmer-original-imaf5k8z2zgfku9m.jpeg?q=70
2544,Palmer's,Palmer's Cocoa Butter Formula Moisturizing Lotion,400 ml,542,//img1a.flixcart.com/www/linchpin/fk-cp-zion/img/placeholder_9951d0.svg
2544,Palmer's,Palmer's Ultra Moisturizing Lip Balm Dark Chocolate and Mint,Dark Chocolate and Mint,130,https://rukminim1.flixcart.com/image/280/280/jamtevk0/lip-balm/f/g/g/4-ultra-moisturizing-lip-balm-palmer-s-original-imafy6bugcdfqam5.jpeg?q=70
2544,Palmer's,Palmer's Men Body & Face Moisturizer,250 ml,423,https://rukminim1.flixcart.com/image/280/280/jactbww0/moisturizer-cream/a/w/h/250-men-body-face-moisturizer-palmer-s-original-imaezy9aazpegfka.jpeg?q=70
2544,Palmer's,Palmer's Raw Shea Body Lotion,250 ml,423,https://rukminim1.flixcart.com/image/280/280/jactbww0/moisturizer-cream/t/h/t/250-raw-shea-body-lotion-palmer-s-original-imaezy97pszskqaw.jpeg?q=70
2544,Palmer's,Palmer's Massage Lotion For Stretch Marks,250 ml,473,https://rukminim1.flixcart.com/image/280/280/j52rrm80/moisturizer-cream/e/f/e/250-massae-lotion-for-stretch-marks-palmer-s-original-imaevfxx3scbgmeh.jpeg?q=70
2544,Palmer's,Palmer's Tinted Lip Balm Dark Chocolate and Cherry,Dark Chocolate and Cherry,128,https://rukminim1.flixcart.com/image/280/280/jamtevk0/lip-balm/d/m/n/4-tinted-lip-balm-dark-palmer-s-original-imafy6c9ruzsfvyc.jpeg?q=70
2544,Parachute,Parachute Advansed Body Lotion Refresh,250 ml,95,https://rukminim1.flixcart.com/image/280/280/juu4jgw0/moisturizer-cream/g/q/k/250-advansed-coconut-milk-refresh-body-lotion-lotion-parachute-original-imaffvhsyzyhmu2r.jpeg?q=70
2544,Parachute,Parachute Advansed Coconut Milk Refresh Body Lotion,100 ml,45,https://rukminim1.flixcart.com/image/280/280/jh55mkw0/moisturizer-cream/z/r/e/100-advansed-coconut-milk-refresh-body-lotion-parachute-original-imaf3hjbghxdgyjg.jpeg?q=70
2544,Parachute,Parachute Deep Nourish Body Lotion,250 ml,108,https://rukminim1.flixcart.com/image/280/280/jvmpci80/moisturizer-cream/g/a/j/250-deep-nourish-body-lotion-lotion-parachute-original-imaffvhsyzjnyxdh.jpeg?q=70
2544,Parachute,Parachute Advansed Body Lotion Butter Smooth,250 ml,199,//img1a.flixcart.com/www/linchpin/fk-cp-zion/img/placeholder_9951d0.svg
2544,Parachute Advansed,Parachute Advansed Body Oil - Cocolipid & Almond Oil,250 ml,296,https://rukminim1.flixcart.com/image/280/280/juu4jgw0/bath-essential-oil/t/v/h/250-body-oil-cocolipid-almond-oil-parachute-advansed-original-imafc8grzek3fzdx.jpeg?q=70
2544,Parachute Advansed,Parachute Advansed Body Gel - Coconut Water & Aloe Vera Gel,250 ml,296,https://rukminim1.flixcart.com/image/280/280/juu4jgw0/moisturizer-cream/b/e/p/250-body-gel-coconut-water-aloe-vera-gel-gel-parachute-advansed-original-imafdht9wmgwyjfz.jpeg?q=70
2544,Parachute Advansed,Parachute Advansed Body Lotion - Cocolipid & Water Lily,400 ml,195,https://rukminim1.flixcart.com/image/280/280/juu4jgw0/moisturizer-cream/n/y/u/400-body-lotion-cocolipid-water-lily-lotion-parachute-advansed-original-imafc8gqeznwbexs.jpeg?q=70
2544,Paseo,Paseo Smart Facial Tissue Box,100 Units,74,https://rukminim1.flixcart.com/image/280/280/jjx6g7k0/facial-tissue/d/h/d/smart-facial-box-2-ply-100-paseo-original-imaf7drysfj3hag8.jpeg?q=70
2544,Paseo,Paseo Born Pure Facial Tissue Box,200 Units,133,https://rukminim1.flixcart.com/image/280/280/j3uh47k0/facial-tissue/g/h/b/facial-box-2ply-born-pure-200-paseo-original-imaeuw433ewgahgg.jpeg?q=70
2544,Patanjali,Patanjali Saundarya Aloevera Gel,60 ml,45,https://rukminim1.flixcart.com/image/280/280/jmkwya80/moisturizer-cream/x/z/b/60-saundarya-aloevera-gel-patanjali-gel-original-imaf9gcyfrubuv9z.jpeg?q=70
2544,Patanjali,Patanjali Beauty Cream,50 g,70,https://rukminim1.flixcart.com/image/280/280/k91o6fk0/fairness/r/p/a/50-beauty-cream-patanjali-original-imafqxhbqqttyzyf.jpeg?q=70
2544,Patanjali,Patanjali Aloe Vera Moisturizing Cream,50 g,78,https://rukminim1.flixcart.com/image/280/280/moisturizer-cream/u/2/b/patanjali-50-aloevera-moisturizing-cream-original-imaeagau2z2ggcmj.jpeg?q=70
2544,Patanjali,Patanjali Saundarya Swarna Kanti Fairness,50 g,999,//img1a.flixcart.com/www/linchpin/fk-cp-zion/img/placeholder_9951d0.svg
2544,Patanjali,Patanjali Saundarya Anti Aging Cream,50 g,700,https://rukminim1.flixcart.com/image/280/280/jihqljk0/anti-ageing/x/j/c/50-saundarya-anti-aging-cream-patanjali-original-imaf66h56jywtdw5.jpeg?q=70
2544,Ponds,Ponds White Beauty Anti Spot Fairness Cream SPF 15 PA++,50 g,216,https://rukminim1.flixcart.com/image/280/280/jesunbk0/fairness/k/t/v/50-white-beauty-anti-spot-fairness-cream-ponds-original-imaevafunp7gjky2.jpeg?q=70
2544,Ponds,Ponds White Beauty Cream,23 g,69,https://rukminim1.flixcart.com/image/280/280/jepzrm80/fairness/h/r/6/23-white-beauty-cream-ponds-original-imaf3cgyaz78gngp.jpeg?q=70
2544,Ponds,Ponds Dream Flower Body Lotion,100 ml,86,https://rukminim1.flixcart.com/image/280/280/j9pyaa80/moisturizer-cream/a/k/7/100-dream-flower-body-lotion-ponds-original-imaezgf5dre2ktsr.jpeg?q=70
2544,Ponds,Ponds Age Miracle Wrinkle Corrector Day Cream SPF 18 PA++,10 g,98,https://rukminim1.flixcart.com/image/280/280/jesunbk0/face-treatment/a/c/7/10-age-miracle-wrinkle-corrector-day-cream-spf-18-pa-ponds-original-imaf3euegtdgtt8s.jpeg?q=70
2544,Ponds,Ponds 01 Original White Beauty BB+ Fairness,18 g,118,https://rukminim1.flixcart.com/image/280/280/jrtj2q80/fairness/v/g/5/18-white-beauty-bb-fairness-cream-01-original-ponds-original-imafdgv2kpn3pshr.jpeg?q=70
2544,Ponds,Ponds Sun Protect Non-oily Sunscreen - SPF 50 PA+++,80 g,326,https://rukminim1.flixcart.com/image/280/280/jtd98y80/sunscreen/y/m/q/80-sun-protect-non-oily-sunscreen-spf-50-ponds-original-imafeqtsasuvj66g.jpeg?q=70
2544,Ponds,Ponds White Beauty Sun Protection - SPF 30 PA++,50 g,263,https://rukminim1.flixcart.com/image/280/280/jvqzo280/sunscreen/m/z/y/50-white-beauty-sun-protection-day-cream-30-ponds-original-imafghfskbx2ygey.jpeg?q=70
2544,Ponds,Ponds Sun Protect Non-oily Sunscreen - SPF 30 PA+++,80 g,197,https://rukminim1.flixcart.com/image/280/280/jtd98y80/sunscreen/3/h/b/80-sun-protect-non-oily-sunscreen-spf-30-ponds-original-imafeque95fwtdaf.jpeg?q=70
2544,Ponds,Ponds White Beauty Sun Dullness Removal Scrub,50 g,148,https://rukminim1.flixcart.com/image/280/280/jcgjo280/scrub/x/c/k/100-white-beauty-tan-removal-scrub-ponds-original-imaffkz2nj9bvjmr.jpeg?q=70
2544,Spinz,Spinz BB Fairness Cream,29 g,99,https://rukminim1.flixcart.com/image/280/280/jbmjf680/fairness/2/m/m/29-bb-cream-spinz-original-imafyxumczbtfwtc.jpeg?q=70
2544,Spinz,Spinz After Sun Face Pack,80 g,127,https://rukminim1.flixcart.com/image/280/280/k1l1ea80/face-pack/h/k/j/80-after-sun-face-pack-cream-spinz-original-imafh4dhhmbxvtrs.jpeg?q=70
2544,St. Ives,St. Ives Hyderating Vitamin E & Avacado Body Lotion,621 ml,646,https://rukminim1.flixcart.com/image/280/280/jwkzwy80/moisturizer-cream/j/z/e/621-hyderating-vitamin-e-avacado-body-lotion-st-ives-lotion-original-imafh8e47gdhqwka.jpeg?q=70
2544,St. Ives,St. Ives Fresh Skin Apricot Face  Scrub,170 g,397,https://rukminim1.flixcart.com/image/280/280/ka1e6q80/scrub/y/p/r/170-fresh-skin-apricot-face-scrub-st-ives-original-imafrp94mwnn3kjn.jpeg?q=70
2544,St. Ives,St. Ives Energizing Coconut & Coffee  Scrub,170 g,397,https://rukminim1.flixcart.com/image/280/280/k3rmm4w0/scrub/c/p/z/170-energizing-coconut-coffee-scrub-st-ives-original-imafmshdd7h3zh7f.jpeg?q=70
2544,St. Ives,St. Ives Softening Coconut & Orchid Body Lotion,621 ml,646,//img1a.flixcart.com/www/linchpin/fk-cp-zion/img/placeholder_9951d0.svg
2544,Vaseline,Vaseline Intensive Care Deep Restore Lotion,400 ml,283,https://rukminim1.flixcart.com/image/280/280/j63x7rk0/moisturizer-cream/q/t/h/400-intensive-care-vaseline-original-imaewndhaf7tcepx.jpeg?q=70
2544,Vaseline,Vaseline Lip Care Rosy Lips,Rosy Lips,45,https://rukminim1.flixcart.com/image/280/280/j9st5zk0/lip-balm/9/z/p/10-lip-care-vaseline-original-imaezgztmgfvjsrm.jpeg?q=70
2544,Vaseline,Vaseline Intensive Care Cocoa Glow Body Lotion,400 ml,342,https://rukminim1.flixcart.com/image/280/280/k070zgw0/moisturizer-cream/v/e/v/400-intensive-care-cocoa-glow-body-lotion-vaseline-lotion-original-imafj4bhhuacz8k9.jpeg?q=70
2544,Vaseline,Vaseline Intensive Care Aloe Soothe Body Lotion,100 ml,94,https://rukminim1.flixcart.com/image/280/280/jw9ke4w0/moisturizer-cream/m/5/r/100-intensive-care-aloe-soothe-body-lotion-lotion-vaseline-original-imafgxceezgcpeyk.jpeg?q=70
2544,Vaseline,Vaseline Lip Care Total Moisture No Flavour,No Flavour,45,https://rukminim1.flixcart.com/image/280/280/jl6wjgw0/lip-balm/u/6/m/10-lip-care-total-moisture-vaseline-original-imaf8db2qfwmdgsd.jpeg?q=70
2544,Vaseline,Vaseline Derma Care Advanced Repair Body Lotion,400 ml,375,https://rukminim1.flixcart.com/image/280/280/jzsqky80/moisturizer-cream/x/u/g/400-derma-care-advanced-repair-body-lotion-vaseline-lotion-original-imafjqc4zeh2m5fs.jpeg?q=70
2544,Vaseline,Vaseline Intensive Care Advanced Repair Body Lotion,400 ml,373,https://rukminim1.flixcart.com/image/280/280/jnnhua80/moisturizer-cream/y/h/y/400-intensive-care-advanced-repair-body-lotion-vaseline-lotion-original-imafaaaxqwewfudc.jpeg?q=70
2544,Vaseline,Vaseline Calming Lavender Body Lotion,100 ml,94,https://rukminim1.flixcart.com/image/280/280/k226oi80/moisturizer-cream/u/d/z/100-calming-lavender-body-lotion-vaseline-lotion-original-imafhhhxsgsuxbxn.jpeg?q=70
2544,Vaseline,Vaseline Intensive Care Deep Restore Body Lotion,100 ml,74,https://rukminim1.flixcart.com/image/280/280/k070zgw0/moisturizer-cream/f/6/s/100-intensive-care-deep-restore-body-lotion-vaseline-lotion-original-imafkfm75jjmhgyg.jpeg?q=70
2544,Vaseline,Vaseline Lip Care Aloe Soothe,Aloe Soothe,45,https://rukminim1.flixcart.com/image/280/280/j9pyaa80/lip-balm/w/q/s/10-lip-care-vaseline-original-imaezgk2weaxbjcg.jpeg?q=70
2544,Vaseline,Vaseline Healthy Bright Complete 10 Body Lotion,400 ml,410,https://rukminim1.flixcart.com/image/280/280/jzsqky80/moisturizer-cream/s/5/f/400-healthy-bright-complete-10-body-lotion-vaseline-lotion-original-imafjqc58zzyastw.jpeg?q=70
2544,Vaseline,Vaseline Healthy White Complete 10 Body Lotion,200 ml,253,https://rukminim1.flixcart.com/image/280/280/jesunbk0/moisturizer-cream/q/e/c/200-healthy-white-complete-10-body-lotion-vaseline-original-imaez6hudba6xtq2.jpeg?q=70
2544,Vaseline,Vaseline Revitalizing Green Tea Body Lotion,100 ml,94,https://rukminim1.flixcart.com/image/280/280/k0r15e80/moisturizer-cream/z/g/s/100-revitalizing-green-tea-body-lotion-vaseline-lotion-original-imafkggeapz7hya5.jpeg?q=70
2544,Vaseline,Vaseline Healthy White Lightening Body Lotion,100 ml,113,https://rukminim1.flixcart.com/image/280/280/jesunbk0/moisturizer-cream/j/r/j/100-healthy-white-lightening-body-lotion-vaseline-original-imaf3et8jfubkyza.jpeg?q=70
2544,Vaseline,Vaseline Healthy White Sun Plus Pollution Protection SPF 30 PA++ Body Lotion,400 ml,357,https://rukminim1.flixcart.com/image/280/280/jrtj2q80/moisturizer-cream/p/h/k/400-healthy-white-triple-lightening-spf-30-body-lotion-vaseline-original-imafdgv2z7zfpbfd.jpeg?q=70
2544,Vaseline,Vaseline Original Pure Skin Jelly,200 g,322,https://rukminim1.flixcart.com/image/280/280/jmmce4w0/moisturizer-cream/m/m/9/250-skin-protecting-jelly-vaseline-gel-original-imaf9h9nphxybhcp.jpeg?q=70
2544,Vaseline,Vaseline Intensive Care Aloe Gel,150 g,94,https://rukminim1.flixcart.com/image/280/280/jvv9zm80/moisturizer-cream/p/g/h/150-intensive-care-aloe-fresh-body-gel-gel-vaseline-original-imafgzt4nbzzerdz.jpeg?q=70
2544,Vaseline,Vaseline Cocoa Moisturizing Cream,150 ml,158,https://rukminim1.flixcart.com/image/280/280/jmjhifk0/moisturizer-cream/d/m/h/150-cocoa-body-cream-vaseline-cream-original-imaf9eqpgewafnu3.jpeg?q=70
2544,Vaseline,Vaseline Extremely Dry Skin Repair Intense Moisturizing Lotion,100 ml,158,https://rukminim1.flixcart.com/image/280/280/k226oi80/moisturizer-cream/5/u/u/100-extremely-dry-skin-repair-intense-moisturizing-lotion-original-imafhhhxaez7hz38.jpeg?q=70
2544,Vaseline,Vaseline Deep Restore Moisturizing Cream,250 ml,227,https://rukminim1.flixcart.com/image/280/280/jmjhifk0/moisturizer-cream/v/p/k/250-deep-restore-body-cream-vaseline-cream-original-imaf9fdfzw7gpykx.jpeg?q=70
2544,Veet,Veet Nikhaar Hair Removal Cream,50 g,106,https://rukminim1.flixcart.com/image/280/280/jyrl4sw0/hair-removal/y/n/n/50-nikhaar-hair-removal-all-skin-types-cream-veet-original-imafgu8eaahr5ppb.jpeg?q=70
2544,Veet,Veet Silk & Fresh Normal Skin Hair Removal Cream,100 g,169,https://rukminim1.flixcart.com/image/280/280/jyrl4sw0/hair-removal/z/j/m/100-hair-removal-cream-normal-skin-cream-veet-original-imafgu8cnjdpf8xp.jpeg?q=70
2544,Veet,Veet Hair Removal - Dry Skin Cream,32 g,81,https://rukminim1.flixcart.com/image/280/280/k7w8eq80/hair-removal/h/4/7/32-hair-removal-dry-skin-cream-veet-original-imafqf939qstw3gy.jpeg?q=70
2544,Veet,Veet Hair Removal - Normal Skin Cream,50 g,102,//img1a.flixcart.com/www/linchpin/fk-cp-zion/img/placeholder_9951d0.svg
2544,Veet,Veet Full Body Waxing Kit Normal Skin Cream,20 Strips,197,https://rukminim1.flixcart.com/image/280/280/j3uh47k0/hair-removal/c/e/8/20-full-body-waxing-kit-normal-skin-veet-original-imaeuwfhnc5hcsxk.jpeg?q=70
2544,Veet,Veet Hair Removal - Sensitive Skin Cream,50 g,102,https://rukminim1.flixcart.com/image/280/280/k0mqtu80/hair-removal/9/q/w/50-hair-removal-cream-for-men-sensitive-skin-cream-veet-original-imafkdye8pdbfzk2.jpeg?q=70
2544,Veet,Veet Silk & Fresh Sensitive Skin Hair Removal Cream,100 g,169,https://rukminim1.flixcart.com/image/280/280/jyrl4sw0/hair-removal/k/v/h/100-hair-removal-cream-sensitive-skin-cream-veet-original-imafgu8bhrghn8qg.jpeg?q=70
2544,Veet,Veet Full Body Waxing Kit Sensitive Skin Strips,20 Strips,190,https://rukminim1.flixcart.com/image/280/280/jyrl4sw0/hair-removal/d/b/f/20-full-body-waxing-kit-sensitive-skin-strips-veet-original-imafgh68dnhh4zht.jpeg?q=70
2544,Wow Skin Science,Wow Skin Science Activated Charcoal Peel Off Face Mask,100 ml,397,https://rukminim1.flixcart.com/image/280/280/jrmdvgw0/face-pack/2/g/2/100-activated-charcoal-peel-off-face-mask-cream-wow-skin-science-original-imafdcw7bkxkujgj.jpeg?q=70
2544,Wow Skin Science,Wow Skin Science Activated Charcoal Face Mask,200 ml,497,https://rukminim1.flixcart.com/image/280/280/jrmdvgw0/face-pack/y/d/b/200-activated-charcoal-face-mask-cream-wow-skin-science-original-imafdcw5wd7zbwhh.jpeg?q=70
2544,Wow Skin Science,Wow Skin Science Aloe Vera Multipurpose Beauty Gel,130 ml,296,https://rukminim1.flixcart.com/image/280/280/jrtj2q80/moisturizer-cream/x/j/t/130-aloe-vera-multipurpose-beauty-gel-wow-skin-science-gel-original-imaf5zq9zy4cxkkj.jpeg?q=70
2544,Wow Skin Science,Wow Skin Science SPF 20 PA ++ Fairness,50 ml,987,//img1a.flixcart.com/www/linchpin/fk-cp-zion/img/placeholder_9951d0.svg
