2127,Colin,Colin Glass Cleaner Pump,500 ml,84,https://rukminim1.flixcart.com/image/280/280/k84t1u80/glass-cleaner/r/8/n/500-glass-cleaner-pump-colin-original-imafq7tvtzn3zxrp.jpeg?q=70
2127,Colin,Colin Glass and Household Cleaner,1 L,125,https://rukminim1.flixcart.com/image/280/280/k84t1u80/glass-cleaner/g/5/y/1-glass-and-household-cleaner-colin-original-imafq7tuxhvh54zk.jpeg?q=70
2127,Domex,Domex Ocean Fresh Ocean Liquid Toilet Cleaner,750 ml,98,https://rukminim1.flixcart.com/image/280/280/jxdkpzk0/toilet-cleaner/n/m/g/ocean-1-5-fresh-and-clean-ocean-liquid-toilet-cleaner-domex-original-imaf3ykbzbeyfxht.jpeg?q=70
2127,Domex,Domex Floor Cleaner Regular,1 L,151,https://rukminim1.flixcart.com/image/280/280/j5crukw0/bathroom-floor-cleaner/a/y/k/regular-1-na-domex-original-imaew2dksvu9cmyu.jpeg?q=70
2127,Domex,Domex Fresh and Clean Lemon Liquid Toilet Cleaner,750 ml,98,https://rukminim1.flixcart.com/image/280/280/jfu03gw0/toilet-cleaner/z/9/b/lemon-500-fresh-and-clean-domex-original-imaf3xns5xbwxehv.jpeg?q=70
2127,Domex,Domex 2-in-1 Phenolic Regular,500 ml,75,https://rukminim1.flixcart.com/image/280/280/j9oiufk0/bathroom-floor-cleaner/f/n/z/regular-500-2-in-1-phenolic-domex-original-imaez6hryth2mgte.jpeg?q=70
2127,Domex,Domex Disinfectant Regular Liquid Toilet Cleaner,1 L,142,https://rukminim1.flixcart.com/image/280/280/j9oiufk0/toilet-cleaner/s/f/h/regular-1-expert-domex-original-imaez6hxxfwxj49g.jpeg?q=70
2127,Flipkart Supermart Home Essentials,Flipkart Supermart Home Essentials Disinfectant Original Liquid Toilet Cleaner,1 L,80,https://rukminim1.flixcart.com/image/280/280/k186fm80/toilet-cleaner/f/v/z/original-1-disinfectant-flipkart-supermart-home-essentials-original-imafktvhpzbsmgts.jpeg?q=70
2127,Flipkart Supermart Home Essentials,Flipkart Supermart Home Essentials Disinfectant Surface Cleaner Lemon,975 ml,90,https://rukminim1.flixcart.com/image/280/280/k186fm80/bathroom-floor-cleaner/p/e/5/lemon-975-disinfectant-surface-cleaner-bottle-flipkart-supermart-original-imafktvrejkmyhkn.jpeg?q=70
2127,Flipkart Supermart Home Essentials,Flipkart Supermart Home Essentials Phenyl Pine Fresh,"Combo Pack 1 + 1 Free, 1 L each",96,https://rukminim1.flixcart.com/image/280/280/k186fm80/bathroom-floor-cleaner/n/3/w/pine-fresh-2-floor-and-bathroom-cleaner-bottle-flipkart-original-imafktvrx3rqpafp.jpeg?q=70
2127,Gala,Gala Dust Go Set Plastic Dustpan,Multicolor,153,https://rukminim1.flixcart.com/image/280/280/jjylw280/dustpan/r/x/q/dustgo-set-gala-original-imaf7ez7qwyr9ywd.jpeg?q=70
2127,Gala,Gala Easy Clean Plastic Dustpan,Multicolor,64,https://rukminim1.flixcart.com/image/280/280/jepzrm80/dustpan/m/9/s/dustpan-gala-original-imaf3chykynzncga.jpeg?q=70
2127,Harpic,Harpic Bathroom Cleaner Lemon,1 L,146,https://rukminim1.flixcart.com/image/280/280/k8ndrww0/bathroom-floor-cleaner/q/q/g/lemon-1-bathroom-cleaner-harpic-original-imafqm7he797ebqw.jpeg?q=70
2127,Harpic,Harpic 500 ml Lemon Bathroom Cleaner & 500 ml Power Plus Regular Liquid Toilet Cleaner,1 L,150,https://rukminim1.flixcart.com/image/280/280/k8ytaq80/toilet-cleaner/2/a/y/regular-1-500-ml-lemon-bathroom-cleaner-500-ml-power-plus-harpic-original-imafqv2yzhcfb6kj.jpeg?q=70
2127,Harpic,Harpic Power Plus Original Liquid Toilet Cleaner,3x0.5 L,245,https://rukminim1.flixcart.com/image/280/280/k8ytaq80/toilet-cleaner/x/s/h/original-1-5-power-plus-harpic-original-imafqv2y4xue88s9.jpeg?q=70
2127,Harpic,Harpic Power Plus Rose Liquid Toilet Cleaner,30% Extra in Pack,237,https://rukminim1.flixcart.com/image/280/280/k8ytaq80/toilet-cleaner/w/h/n/rose-1-5-power-plus-harpic-original-imafqv2ykyqs6dvd.jpeg?q=70
2127,Harpic,Harpic Flushmatic Aquamarine Block Toilet Cleaner,150 g,176,https://rukminim1.flixcart.com/image/280/280/k8ytaq80/toilet-cleaner/s/8/v/aquamarine-150-flushmatic-harpic-original-imafqv2yyhepf9fa.jpeg?q=70
2127,Harpic,Harpic Disinfectant Bathroom Floral,500 ml,89,https://rukminim1.flixcart.com/image/280/280/k8ndrww0/bathroom-floor-cleaner/k/h/n/floral-500-disinfectant-bathroom-harpic-original-imafqm7hvshgfkcm.jpeg?q=70
2127,Harpic,"Harpic Power Plus Original, Rose Liquid Toilet Cleaner",3x0.5 L,227,https://rukminim1.flixcart.com/image/280/280/k0wqwsw0/toilet-cleaner/v/t/h/original-1-5-power-plus-harpic-original-imafkhrxh3ztkcru.jpeg?q=70
2127,Harpic,Harpic Bathroom Cleaner Floral + Power Plus Regular Liquid Toilet Cleaner Floral Liquid Toilet Cleaner,2x0.5 L,159,https://rukminim1.flixcart.com/image/280/280/k8ro3gw0/toilet-cleaner/c/y/3/floral-1-bathroom-cleaner-floral-power-plus-regular-liquid-original-imafqpunnrmrwzgz.jpeg?q=70
2127,Harpic,Harpic Germ and Stain Blaster Citrus Liquid Toilet Cleaner,750 ml,139,https://rukminim1.flixcart.com/image/280/280/k8ytaq80/toilet-cleaner/n/e/y/citrus-750-germ-and-stain-blaster-harpic-original-imafqv2ykgue9xan.jpeg?q=70
2127,Harpic,Harpic Hygienic Citrus Rim Block,2x26 g,126,https://rukminim1.flixcart.com/image/280/280/k8ytaq80/toilet-cleaner/x/t/r/citrus-52-hygienic-harpic-original-imafqv2ycbagzvgh.jpeg?q=70
2127,Harpic,Harpic Platinum Active-shield Marine Liquid Toilet Cleaner,500 ml,98,https://rukminim1.flixcart.com/image/280/280/k8ytaq80/toilet-cleaner/g/s/w/marine-500-platinum-active-shield-harpic-original-imafqv2ydeqjmmjk.jpeg?q=70
2127,Harpic,Harpic Hygienic Lavender Rim Block,26 g,70,https://rukminim1.flixcart.com/image/280/280/k8ndrww0/toilet-cleaner/7/m/t/lavender-26-hygienic-harpic-original-imafqm7hmzkb86dt.jpeg?q=70
2127,Harpic,Harpic Power Plus Orange Liquid Toilet Cleaner,1 L,159,https://rukminim1.flixcart.com/image/280/280/k8ytaq80/toilet-cleaner/k/y/k/orange-1-power-plus-harpic-original-imafqv2yvuk95sj6.jpeg?q=70
2127,Harpic,"Harpic Toilet Cleaner, Original - 1L with Lizol Floor Cleaner, Citrus - 975ml",1.975 L,366,https://rukminim1.flixcart.com/image/280/280/jxrv4i80/all-purpose-cleaner/x/y/h/toilet-cleaner-original-with-lizol-floor-surface-cleaner-toilet-original-imafhzxwcypwgmjg.jpeg?q=70
2127,Harpic,Harpic Flushmatic In-Cistern Pines Block Toilet Cleaner,100 g,126,https://rukminim1.flixcart.com/image/280/280/j3agya80/toilet-cleaner/h/d/y/pines-100-flushmatic-twin-pine-harpic-original-imaeug8cvmwuhznt.jpeg?q=70
2127,Harpic,Harpic Germ and Stain Blaster Floral Liquid Toilet Cleaner,750 ml,139,https://rukminim1.flixcart.com/image/280/280/k8ytaq80/toilet-cleaner/k/a/h/floral-750-germ-and-stain-blaster-harpic-original-imafqv2yee27shzz.jpeg?q=70
2127,Harpic,Harpic Organic Active 10X Floral Liquid Toilet Cleaner,500 ml,85,https://rukminim1.flixcart.com/image/280/280/k8ytaq80/toilet-cleaner/r/c/y/floral-500-organic-active-10x-harpic-original-imafqv2yfbzvzbfz.jpeg?q=70
2127,Harpic,Harpic Bathroom Spray Regular,400 ml,131,https://rukminim1.flixcart.com/image/280/280/k8ytaq80/bathroom-floor-cleaner/c/y/z/regular-400-bathroom-spray-spray-harpic-original-imafqv2ygh7qpthk.jpeg?q=70
2127,Harpic,Harpic Platinum Active-shield Lavender Liquid Toilet Cleaner,500 ml,98,https://rukminim1.flixcart.com/image/280/280/k8ytaq80/toilet-cleaner/y/k/z/lavender-500-platinum-active-shield-harpic-original-imafqv2yxtsfteeb.jpeg?q=70
2127,Harpic,Harpic Organic Active 10X Citrus Liquid Toilet Cleaner,3x0.5 L,253,https://rukminim1.flixcart.com/image/280/280/k0sgl8w0/toilet-cleaner/d/z/x/citrus-1-organic-active-disinfectant-toilet-cleaner-citrus-original-imafkgfrbhqhzjr6.jpeg?q=70
2127,Harpic,Harpic Hygienic Jasmine Rim Block,26 g,70,https://rukminim1.flixcart.com/image/280/280/k8ytaq80/toilet-cleaner/2/r/v/jasmine-26-hygienic-harpic-original-imafqv2y2z2qhccu.jpeg?q=70
2127,Harpic,Harpic Power Fresh 6 Rim Block,39 g,160,https://rukminim1.flixcart.com/image/280/280/k8ndrww0/toilet-cleaner/d/k/4/na-39-power-fresh-6-harpic-original-imafqm7hwx3cwwsc.jpeg?q=70
2127,Lizol,Lizol Disinfectant Surface Cleaner Citrus,3x500 ml,276,https://rukminim1.flixcart.com/image/280/280/k7z3afk0/bathroom-floor-cleaner/4/x/f/citrus-1500-disinfectant-surface-cleaner-bottle-lizol-original-imafq39x25qqprgz.jpeg?q=70
2127,Lizol,Lizol Disinfectant Surface Cleaner Sandal,500 ml,92,https://rukminim1.flixcart.com/image/280/280/j3t1ocw0/bathroom-floor-cleaner/a/3/n/sandalwood-500-lizol-disinfectant-floor-cleaner-lizol-original-imaeuux2kza4htfd.jpeg?q=70
2127,Lizol,Lizol Disinfectant Surface Cleaner Floral,975 ml,177,https://rukminim1.flixcart.com/image/280/280/k7z3afk0/bathroom-floor-cleaner/g/j/d/floral-975-disinfectant-surface-cleaner-bottle-lizol-original-imafq39xpcvy3byr.jpeg?q=70
2127,Lizol,Lizol Disinfectant Surface Cleaner Lavender,975 ml,177,https://rukminim1.flixcart.com/image/280/280/k7z3afk0/bathroom-floor-cleaner/a/p/z/lavender-975-disinfectant-surface-cleaner-bottle-lizol-original-imafq39xjnfrkrrm.jpeg?q=70
2127,Lizol,Lizol Power Orange Burst Kitchen Cleaner,450 ml,134,https://rukminim1.flixcart.com/image/280/280/k7z3afk0/kitchen-surface-cleaner/s/e/a/450-power-orange-burst-lizol-original-imafq39xjukta4gt.jpeg?q=70
2127,Lizol,Lizol Lemon Squeeze All Purpose Cleaner,450 ml,134,https://rukminim1.flixcart.com/image/280/280/jic0u4w0/all-purpose-cleaner/g/q/k/450-power-all-purpose-cleaner-power-all-purpose-cleaner-lizol-original-imaf65byhgydz28z.jpeg?q=70
2127,Lizol,Lizol Disinfectant Surface Cleaner Jasmine,975 ml,187,https://rukminim1.flixcart.com/image/280/280/k7z3afk0/bathroom-floor-cleaner/y/g/u/jasmine-975-disinfectant-surface-cleaner-bottle-lizol-original-imafq39xrtuwsuxc.jpeg?q=70
2127,Lizol,Lizol Bathroom Power Ocean Breeze,250 ml,78,https://rukminim1.flixcart.com/image/280/280/k7z3afk0/bathroom-floor-cleaner/f/7/h/ocean-breeze-250-bathroom-power-spray-lizol-original-imafq3aatmzhfcwq.jpeg?q=70
2127,Lizol,Lizol Disinfectant Surface Cleaner Pine,975 ml,177,https://rukminim1.flixcart.com/image/280/280/k7z3afk0/bathroom-floor-cleaner/u/n/x/pine-975-disinfectant-surface-cleaner-bottle-lizol-original-imafq39xusg52ct2.jpeg?q=70
2127,Maxkleen,Maxkleen Disinfectant Floor Cleaner Floral,975 ml,143,https://rukminim1.flixcart.com/image/280/280/k6wiefk0/bathroom-floor-cleaner/u/m/g/floral-975-disinfectant-surface-cleaner-bottle-maxkleen-original-imafp93ufuetbye9.jpeg?q=70
2127,Maxkleen,Maxkleen Disinfectant Floor Cleaner Citrus,975 ml,143,https://rukminim1.flixcart.com/image/280/280/k6wiefk0/bathroom-floor-cleaner/b/5/x/citrus-975-disinfectant-surface-cleaner-bottle-maxkleen-original-imafp93uwgrahjzd.jpeg?q=70
2127,Nimyle,Nimyle Herbal,475 ml,78,https://rukminim1.flixcart.com/image/280/280/jyt0knk0/bathroom-floor-cleaner/z/c/u/jasmine-474-na-bottle-nimyle-original-imafgygnzpght3yb.jpeg?q=70
2127,Patanjali,Patanjali Gonyle Gomutra and herbs,1 L,60,https://rukminim1.flixcart.com/image/280/280/j7qi9ow0/bathroom-floor-cleaner/y/9/g/gomutra-and-herbs-1-gonyle-patanjali-original-imaexwp9vwn8q73g.jpeg?q=70
2127,Pitambari,Pitambari Rooperi Silver Shine Combo,"30 g, 50 ml",99,https://rukminim1.flixcart.com/image/280/280/jq189e80/all-purpose-cleaner/g/w/a/rooperi-silver-shine-combo-rooperi-silver-shine-combo-pitambari-original-imafc5777ykdfg4h.jpeg?q=70
2127,Sani Fresh,Sani Fresh Ultra Shine Liquid Toilet Cleaner,50g Odonil Free,107,https://rukminim1.flixcart.com/image/280/280/k6ci8i80/toilet-cleaner/q/z/w/na-1-ultrashine-1l-500-500-toilet-cleaner-1-5x-extra-strong-original-imafzthn2xchp8ag.jpeg?q=70
2127,Sani Fresh,Sani Fresh Ultra Shine Regular Liquid Toilet Cleaner,50g Odonil Air Freshner Free,133,https://rukminim1.flixcart.com/image/280/280/k34rki80/toilet-cleaner/j/n/q/regular-1-ultra-shine-sani-fresh-original-imafmbjzcv8fs5m7.jpeg?q=70
2127,Sanifresh,Sanifresh Ultrashine Regular Liquid Toilet Cleaner,"Combo Pack 2 + 1 Free, 500 ml each",147,https://rukminim1.flixcart.com/image/280/280/ka73y4w0/toilet-cleaner/k/v/t/regular-1000-ultrashine-sanifresh-original-imafrtdufmpvhfby.jpeg?q=70
2127,Sanifresh,Sanifresh Ultra Shine Liquid Toilet Cleaner,2x1 L,280,https://rukminim1.flixcart.com/image/280/280/ka5oia80/toilet-cleaner/h/9/g/na-2-ultra-shine-sanifresh-original-imafrsb6pffwpwuh.jpeg?q=70
