1823,Alpenliebe,Alpenliebe Juzt Assorted Jelly Candy,266 g,63,https://rukminim1.flixcart.com/image/280/280/k7z3afk0/candy-mouth-freshener/n/t/n/266-assorted-flavour-pouch-266-g-70-pc-alpenliebe-juzt-jelly-original-imafq3d5ybbuexca.jpeg?q=70
1823,Alpenliebe,Alpenliebe Strawberry Jelly Candy,171 g,42,https://rukminim1.flixcart.com/image/280/280/jzn0tjk0/candy-mouth-freshener/c/g/p/171-na-alpenliebe-original-imafjm3hgtxykgdx.jpeg?q=70
1823,Alpenliebe,Alpenliebe Gold Cream Strawberry Toffee,184 g,42,https://rukminim1.flixcart.com/image/280/280/k84t1u80/candy-mouth-freshener/e/5/b/184-gold-alpenliebe-original-imafq7v8nxnyfngj.jpeg?q=70
1823,Alpenliebe,Alpenliebe Gold Rich Milky Caramel Toffee,184 g,42,https://rukminim1.flixcart.com/image/280/280/k84t1u80/candy-mouth-freshener/5/q/9/184-gold-rich-alpenliebe-original-imafq7v8frggkxeb.jpeg?q=70
1823,Alpenliebe,Alpenliebe Juzt Strawberry Jelly Candy,380 g,99,https://rukminim1.flixcart.com/image/280/280/k7285u80/candy-mouth-freshener/h/5/s/380-juzt-alpenliebe-original-imafpdwhfxjne7ad.jpeg?q=70
1823,Alpenliebe,Alpenliebe Juzt Guava Jelly Candy,171 g,42,https://rukminim1.flixcart.com/image/280/280/k7285u80/candy-mouth-freshener/j/u/3/171-juzt-alpenliebe-original-imafpdwhfu3wvbsk.jpeg?q=70
1823,Alpenliebe,Alpenliebe Creamfills Butter Toffee,184 g,42,https://rukminim1.flixcart.com/image/280/280/jzn0tjk0/candy-mouth-freshener/w/a/x/184-creamfills-alpenliebe-original-imafjm3gr5bvsqvj.jpeg?q=70
1823,Alpenliebe,Alpenliebe Juzt Cars and Planes Watermelon and Pineapple Jelly Candy,74.5 g,27,https://rukminim1.flixcart.com/image/280/280/k9itgnk0/candy-mouth-freshener/d/f/s/74-5-assorted-flavour-cars-n-planes-pouch-74-5-g-alpenliebe-juzt-original-imafraxc9nyxhbnd.jpeg?q=70
1823,Alpenliebe,Alpenliebe Juzt Cola Jelly Candy,72.8 g,27,https://rukminim1.flixcart.com/image/280/280/k9itgnk0/candy-mouth-freshener/g/f/3/72-8-cola-flavour-bottles-pouch-72-8-g-alpenliebe-juzt-jelly-original-imafravwxgtt2gym.jpeg?q=70
1823,Alpenliebe,Alpenliebe Juzt Fruity Bears Fruits Jelly Candy,72.8 g,27,https://rukminim1.flixcart.com/image/280/280/k9itgnk0/candy-mouth-freshener/z/v/j/72-8-fruity-flavour-bears-pouch-72-8-g-alpenliebe-juzt-jelly-original-imafravwkbzayfbh.jpeg?q=70
1823,Alpenliebe,Alpenliebe Rich Milky Caramel Toffee,3x36 g,59,https://rukminim1.flixcart.com/image/280/280/jzn0tjk0/candy-mouth-freshener/b/y/s/108-rich-milky-alpenliebe-original-imafjm3gy3f6xwfw.jpeg?q=70
1823,Alpenliebe,Alpenliebe Juzt Fruity Jelly Candy,8x72.8 g,183,https://rukminim1.flixcart.com/image/280/280/k7285u80/candy-mouth-freshener/u/u/t/582-4-juzt-alpenliebe-original-imafpdwh6yudjzse.jpeg?q=70
1823,Bikano,Bikano Rasgulla Tin,500 g,70,https://rukminim1.flixcart.com/image/280/280/jwfa5jk0/sweet-mithai/p/d/2/1-rasgulla-rasgulla-bikano-original-imaffg2kmrhafrak.jpeg?q=70
1823,Bikano,Bikano Rasogolla Box,25% Extra in Pack,189,https://rukminim1.flixcart.com/image/280/280/jpsnma80/sweet-mithai/v/n/5/1-25-rasogolla-rasgulla-bikano-original-imafbyjzphhfss7x.jpeg?q=70
1823,Bikano,Bikano Til Besan Laddu Box,400 g,105,https://rukminim1.flixcart.com/image/280/280/jusp3m80/sweet-mithai/g/v/n/400-til-besan-laddu-laddu-bikano-original-imaffu9gdgyycqzq.jpeg?q=70
1823,Bikano,Bikano Besan Laddu Box,400 g,105,//img1a.flixcart.com/www/linchpin/fk-cp-zion/img/placeholder_9951d0.svg
1823,Bounty,Bounty Miniatures Bars,150 g,142,https://rukminim1.flixcart.com/image/280/280/jerf7gw0/chocolate/w/z/3/150-miniatures-bounty-original-imaf3d9qfvtjxptu.jpeg?q=70
1823,Bounty,Bounty Bars,171 g,133,https://rukminim1.flixcart.com/image/280/280/jwgple80/chocolate/k/h/k/171-na-bounty-original-imafh5fegmh2azdn.jpeg?q=70
1823,Britannia,Britannia Treat Croissants Cocoa Creme Roll,45 g,13,https://rukminim1.flixcart.com/image/280/280/k9a8tjk0/cake-pastry/y/d/g/45-treat-croissants-britannia-original-imafr44tg68hj9c6.jpeg?q=70
1823,Britannia,Britannia Cake Fruity Fun,120 g,30,https://rukminim1.flixcart.com/image/280/280/k9a8tjk0/cake-pastry/w/v/t/120-na-cake-britannia-original-imafr44tuwf4when.jpeg?q=70
1823,Britannia,Britannia Cake Choco Chill,120 g,30,https://rukminim1.flixcart.com/image/280/280/k9a8tjk0/cake-pastry/f/q/d/120-na-cake-britannia-original-imafr44tfjfk4gsf.jpeg?q=70
1823,Britannia,Britannia Cake Roll Yo Choco Swiss Roll Cake Choco,450 g,127,//img1a.flixcart.com/www/linchpin/fk-cp-zion/img/placeholder_9951d0.svg
1823,Cadbury,Cadbury Dairy Milk Silk Oreo Red Velvet Chocolate Bars,130 g,127,https://rukminim1.flixcart.com/image/280/280/ka1e6q80/chocolate/6/g/q/130-dairy-milk-silk-oreo-red-velvet-chocolate-cadbury-original-imafrp72upgzzpj4.jpeg?q=70
1823,Cadbury,Cadbury Dairy Milk Silk Chocolate Bars,150 g,136,https://rukminim1.flixcart.com/image/280/280/k9stjm80/chocolate/y/w/s/150-dairy-milk-silk-chocolate-cadbury-original-imafrgdcurbdpjjf.jpeg?q=70
1823,Cadbury,Cadbury Dairy Milk Chocolate Bars,130 g,99,https://rukminim1.flixcart.com/image/280/280/jl6wjgw0/chocolate/j/e/h/145-dairy-milk-chocolate-cadbury-original-imaf8dnyckbjhurj.jpeg?q=70
1823,Cadbury,Cadbury Dairy Milk Silk Roast Almond Bars,143 g,136,https://rukminim1.flixcart.com/image/280/280/k9stjm80/chocolate/z/g/g/143-dairy-milk-silk-roast-almond-cadbury-original-imafrgdcjr7eytzx.jpeg?q=70
1823,Cadbury,Cadbury Dairy Milk Silk Oreo Chocolate Bars,130 g,144,https://rukminim1.flixcart.com/image/280/280/k6ci8i80/fmcg-combo/q/q/r/valentine-special-gift-box-for-chocolate-lovers-cadbury-original-imafk77yzzfgpp77.jpeg?q=70
1823,Cadbury,Cadbury 5 Star Home Treats Bars,200 g,126,https://rukminim1.flixcart.com/image/280/280/k9stjm80/chocolate/j/p/h/200-5-star-home-treats-cadbury-original-imafrgdczuex5rmw.jpeg?q=70
1823,Cadbury,Cadbury Dairy Milk Home Treats Chocolate Bars,126 g,126,https://rukminim1.flixcart.com/image/280/280/k9stjm80/chocolate/u/q/s/126-dairy-milk-home-treats-chocolate-cadbury-original-imafrgdczfyn2twf.jpeg?q=70
1823,Cadbury,Cadbury 5 Star Chocolate Truffles,Buy 4 or more units save 10%,20,https://rukminim1.flixcart.com/image/280/280/ka1e6q80/chocolate/z/y/5/40-5-star-chocolate-cadbury-original-imafrp72jxhaz5dq.jpeg?q=70
1823,Cadbury,Cadbury Perk Home Treats Chocolate Bars,173.7 g,84,https://rukminim1.flixcart.com/image/280/280/jjhglu80/chocolate/h/n/m/173-7-perk-home-treats-chocolate-cadbury-original-imaf7fjqufdptepu.jpeg?q=70
1823,Cadbury,Cadbury Dairy Milk Silk Fruit and Nut Chocolate Bars,137 g,140,https://rukminim1.flixcart.com/image/280/280/jgcktjk0/chocolate/z/v/w/137-dairy-milk-silk-fruit-and-nut-chocolate-cadbury-original-imaf4hrgxdtmzphc.jpeg?q=70
1823,Cadbury,Cadbury Dairy Milk Roast Almond Chocolate Bars,Buy 3 or more units save 10%,45,https://rukminim1.flixcart.com/image/280/280/jb5e4y80/chocolate/n/w/d/36-dairy-milk-roast-almond-chocolate-bar-cadbury-original-imafykjfd6pvds35.jpeg?q=70
1823,Cadbury,Cadbury Bournville Rich Cocoa Dark Chocolate Bars,80 g,92,https://rukminim1.flixcart.com/image/280/280/jatym4w0/chocolate/p/z/b/80-bournville-rich-cocoa-dark-chocolate-bar-cadbury-original-imafybfghzkp8vej.jpeg?q=70
1823,Cadbury,Cadbury Nutties Crackles,30 g,40,https://rukminim1.flixcart.com/image/280/280/ji4vmvk0-1/chocolate/v/8/a/30-nutties-cadbury-original-imaf6y7h5zk4g9vp.jpeg?q=70
1823,Cadbury,Cadbury Dairy Milk Crackle Chocolate Bars,Buy 3 or more units save 10%,45,https://rukminim1.flixcart.com/image/280/280/jgcktjk0/chocolate/m/u/2/36-dairy-milk-crackle-chocolate-cadbury-original-imaf4hrgz3gqhq7v.jpeg?q=70
1823,Cadbury,Cadbury Bournville Raisin & Nuts Dark Chocolate Bars,80 g,92,https://rukminim1.flixcart.com/image/280/280/jcjejrk0/chocolate/g/7/m/80-bournville-raisin-nuts-dark-chocolate-bar-cadbury-original-imaffn7nrgdeeujz.jpeg?q=70
1823,Cadbury,Cadbury Dairy Milk Silk Home Treats Bars,162 g,197,https://rukminim1.flixcart.com/image/280/280/k9stjm80/chocolate/d/r/h/162-dairy-milk-silk-home-treats-cadbury-original-imafrgdcvrjzezyg.jpeg?q=70
1823,Cadbury,Cadbury Shots Truffles,201.6 g,110,https://rukminim1.flixcart.com/image/280/280/jj6130w0/chocolate/h/x/j/201-6-dairy-milk-shots-3-6gm-x-56-units-cadbury-original-imaf6svvhnxtgffx.jpeg?q=70
1823,Cadbury,Cadbury Dark Milk Chocolate Bars,72 g,98,https://rukminim1.flixcart.com/image/280/280/jzn0tjk0/chocolate/e/s/q/72-dark-milk-chocolate-cadbury-original-imafjkybkahmfp8r.jpeg?q=70
1823,Cadbury,Cadbury Dairy Milk Silk Hazelnut Bars,143 g,160,https://rukminim1.flixcart.com/image/280/280/k6ci8i80/fmcg-combo/z/n/j/valentine-day-special-gift-for-your-valentine-partner-cadbury-original-imaffabprkyvhzcj.jpeg?q=70
1823,Cadbury,Cadbury Dairy Milk Fruit and Nut Chocolate Bars,80 g,90,https://rukminim1.flixcart.com/image/280/280/jgcktjk0/chocolate/y/v/d/36-dairy-milk-fruit-and-nut-chocolate-cadbury-original-imaf4hrgtegsvzff.jpeg?q=70
1823,Cadbury,Cadbury Fuse Chocolate Bars,45 g,35,https://rukminim1.flixcart.com/image/280/280/jchz3ww0/chocolate/w/q/5/45-fuse-cadbury-original-imaffm6bdu4emtue.jpeg?q=70
1823,Cadbury,Cadbury Fuse Home Treats Bars,170.5 g,147,https://rukminim1.flixcart.com/image/280/280/k9stjm80/chocolate/p/x/6/170-5-fuse-home-treats-cadbury-original-imafrgdcsgfntaq5.jpeg?q=70
1823,Cadbury,Cadbury Temptations Almond Treat Chocolate Bars,72 g,99,https://rukminim1.flixcart.com/image/280/280/jdeu8i80/chocolate/u/r/k/72-temptations-almond-treat-chocolate-bar-cadbury-original-imaf2bzbg9baabs4.jpeg?q=70
1823,Cadbury,Cadbury Dairy Milk Crispello Bars,33 g,30,https://rukminim1.flixcart.com/image/280/280/jmp79u80-1/chocolate/d/q/r/33-crispello-chocolate-cadbury-dairy-milk-crispello-original-imaf9jwgw2ewykgm.jpeg?q=70
1823,Cadbury,Cadbury Bournville Cranberry Dark Chocolate Bars,80 g,92,https://rukminim1.flixcart.com/image/280/280/jatym4w0/chocolate/d/w/v/80-bournville-cranberry-dark-chocolate-bar-cadbury-original-imafybf3azdk9zeu.jpeg?q=70
1823,Cadbury,Cadbury Dairy Milk Silk Bubbly Chocolate Bars,120 g,167,https://rukminim1.flixcart.com/image/280/280/k4x2du80/fmcg-combo/h/g/5/silk-oreo-bubbly-fruit-nut-chocolates-with-greeting-card-with-original-imafk77yhrfghrwh.jpeg?q=70
1823,Cadbury,Cadbury Champion's Pack Dairy Milk Chocolate Bars,130 g,90,https://rukminim1.flixcart.com/image/280/280/jvwpfgw0/chocolate/t/h/q/130-dairy-milk-champion-pack-chocolate-cadbury-original-imafgpvhjencvvug.jpeg?q=70
1823,Cadbury,Cadbury Temptations Rum and Raisins Chocolate Bars,72 g,89,https://rukminim1.flixcart.com/image/280/280/jdeu8i80/chocolate/a/b/6/72-temptations-rum-and-raisins-chocolate-bar-cadbury-original-imaf2bzbxz3nwzrr.jpeg?q=70
1823,Cadbury,Cadbury Choclairs Gold (25 Candies) Candy,137.5 g,50,https://rukminim1.flixcart.com/image/280/280/k9stjm80/candy-mouth-freshener/t/j/x/137-5-choclairs-gold-25-candies-cadbury-original-imafrgdcsw7nkdhg.jpeg?q=70
1823,Cadbury,Cadbury Choclairs Gold (115 Candies) Candy,632.5 g,198,https://rukminim1.flixcart.com/image/280/280/ka1e6q80/candy-mouth-freshener/k/c/f/632-5-choclairs-gold-115-candies-cadbury-original-imafrp72rnrehnve.jpeg?q=70
1823,Cadbury,Cadbury Dairy Milk Silk Roast Almond Chocolate Bars,58 g,70,https://rukminim1.flixcart.com/image/280/280/k9stjm80/chocolate/7/z/s/58-dairy-milk-silk-roast-almond-chocolate-cadbury-original-imafrgdcgzptuzy6.jpeg?q=70
1823,Cadbury,Cadbury Dark Milk Salted Caramel Rich and Creamy Bars,156 g,197,https://rukminim1.flixcart.com/image/280/280/k9stjm80/chocolate/e/z/f/156-dark-milk-salted-caramel-rich-and-creamy-cadbury-original-imafrgdcwed6tw6y.jpeg?q=70
1823,Cadbury,Cadbury Dairy Milk Lickables Fudges,20 g,45,https://rukminim1.flixcart.com/image/280/280/k6pd7680/chocolate/c/f/c/20-dairy-milk-lickables-cadbury-original-imafp3hpgaedwnna.jpeg?q=70
1823,Cadbury,Cadbury Dairy Milk 30% Less Sugar Chocolate Bars,43 g,50,https://rukminim1.flixcart.com/image/280/280/k9stjm80/chocolate/h/f/e/43-dairy-milk-30-less-sugar-chocolate-cadbury-original-imafrgdcd6hkzhc9.jpeg?q=70
1823,Cadbury,Cadbury Dairy Milk Silk Heart Pop Bars,250 g,297,https://rukminim1.flixcart.com/image/280/280/k5y7tzk0/chocolate/p/v/g/250-dairy-milk-silk-special-edition-cadbury-original-imafzgmg2gyhhf4c.jpeg?q=70
1823,Cadbury,"Cadbury Celebrations Bars, Crackles",66.6 g,50,https://rukminim1.flixcart.com/image/280/280/k9stjm80/chocolate/4/g/d/66-6-celebrations-cadbury-original-imafrgdcege7gkfb.jpeg?q=70
1823,Cadbury,Cadbury 5 Star 3D Bars,180 g,198,https://rukminim1.flixcart.com/image/280/280/k9stjm80/chocolate/y/8/c/180-5-star-3d-cadbury-original-imafrgdczju3jxjz.jpeg?q=70
1823,Candyman,Candyman Fruiteefun Multi Flavor,840 g,112,https://rukminim1.flixcart.com/image/280/280/jxf05u80/candy-mouth-freshener/a/y/q/750-fruiteefun-candyman-original-imafhv4dht3g8z7h.jpeg?q=70
1823,Center Fresh,Center Fresh Sugarfree Strawberry Candy,6x4.5 g,59,https://rukminim1.flixcart.com/image/280/280/k7285u80/candy-mouth-freshener/r/t/f/27-sugarfree-center-fresh-original-imafpdwggjamaftj.jpeg?q=70
1823,Center Fruit,Center Fruit Soft Chews Assorted Candy,60 g,74,https://rukminim1.flixcart.com/image/280/280/k7z3afk0/candy-mouth-freshener/g/n/w/60-assorted-flavour-soft-chews-candy-pouch-60-g-center-fruit-original-imafq3gwqpsyfypa.jpeg?q=70
1823,Center Fruit,Center Fruit Soft Chews Candy Assorted Chewing Gum,33 g,50,https://rukminim1.flixcart.com/image/280/280/k9itgnk0/chewing-gum/x/h/7/33-soft-chews-candy-center-fruit-original-imafraxcejvbe2cs.jpeg?q=70
1823,Chandan,Chandan Premium Digestive Abajpati Goli Mouth Freshener,180 g,118,https://rukminim1.flixcart.com/image/280/280/jfbfde80/candy-mouth-freshener/g/j/b/180-mouth-freshener-chandan-original-imaf3t44gjzxvu9v.jpeg?q=70
1823,Chandan,Chandan Premium Jet Mukhwas Mouth Freshener,170 g,108,https://rukminim1.flixcart.com/image/280/280/jf9zxjk0/candy-mouth-freshener/j/m/h/170-mouth-freshener-chandan-original-imaf3sf58psn7rc6.jpeg?q=70
1823,Chocoliebe,Chocoliebe Eclairs Plus Choco Caramel Candy,170.2 g,40,https://rukminim1.flixcart.com/image/280/280/k7285u80/candy-mouth-freshener/q/x/e/170-2-eclairs-plus-chocoliebe-original-imafpdwhwb4dxzzh.jpeg?q=70
1823,Chupa Chups,Chupa Chups Sour Mini Tubes Assorted,61.6 g,30,https://rukminim1.flixcart.com/image/280/280/k7w8eq80/candy-mouth-freshener/h/m/z/61-6-chupa-chups-sour-tubes-mixed-fruit-flavour-soft-chewy-original-imafqf4sygnaexbu.jpeg?q=70
1823,Chupa Chups,Chupa Chups Sour Bites Mixed Fruit Toffee,8x61.6 g,183,https://rukminim1.flixcart.com/image/280/280/k7285u80/candy-mouth-freshener/t/w/h/492-8-sour-bites-chupa-chups-original-imafpdwh9dzw5j55.jpeg?q=70
1823,Chupa Chups,Chupa Chups Sour Belt Mixed Fruit Toffee,12x57.6 g,275,https://rukminim1.flixcart.com/image/280/280/k9x3v680/candy-mouth-freshener/r/m/x/691-2-sour-belt-mixed-fruit-flavour-soft-chewy-toffee-pack-691-original-imafrht49f5kzbja.jpeg?q=70
1823,Chupa Chups,Chupa Chups Bites Mixed Fruit Sour Candy,61.6 g,30,//img1a.flixcart.com/www/linchpin/fk-cp-zion/img/placeholder_9951d0.svg
1823,Chupa Chups,Chupa Chups Bubble Gum Filled Cherrry and Cola Lollipop,6x12 g,30,https://rukminim1.flixcart.com/image/280/280/k83dlzk0/candy-mouth-freshener/v/x/g/72-gum-filled-lollipop-g-5-pc-chupa-chups-original-imafq6qfyvfsbpvq.jpeg?q=70
1823,Daadi's,Daadi's Besan Laddoo Box,200 g,76,https://rukminim1.flixcart.com/image/280/280/jyafukw0/sweet-mithai/7/f/g/200-besan-laddoo-laddu-daadi-s-original-imafgjmjaygfhgnf.jpeg?q=70
1823,Doublemint,Doublemint Sugarfree Peppermint Chewing Gum,23.8 g,98,https://rukminim1.flixcart.com/image/280/280/jx9aefk0/chewing-gum/f/n/6/23-8-sugarfree-doublemint-original-imaf8wj2n8waaqdh.jpeg?q=70
1823,Doublemint,Doublemint Peppermint Chewing Gum,33.6 g,50,https://rukminim1.flixcart.com/image/280/280/jx9aefk0/chewing-gum/a/g/j/33-6-na-doublemint-original-imafa84gy6szaxdd.jpeg?q=70
1823,Doublemint,Doublemint Lemon Chewing Gum,33.6 g,50,https://rukminim1.flixcart.com/image/280/280/jx9aefk0/chewing-gum/y/b/5/33-6-na-doublemint-original-imafa84f22k9drr8.jpeg?q=70
1823,Doublemint,Doublemint Paanmint Chewing Gum,96 g,198,//img1a.flixcart.com/www/linchpin/fk-cp-zion/img/placeholder_9951d0.svg
1823,Dukes,Dukes Eclairs Chocolate Candy,2x200 g,75,https://rukminim1.flixcart.com/image/280/280/k6mibgw0/candy-mouth-freshener/d/k/h/400-eclairs-dukes-original-imafzyf3zrvp4v4n.jpeg?q=70
1823,Dukes,Dukes Truffel Caramel,480 g,198,https://rukminim1.flixcart.com/image/280/280/k52s58w0/candy-mouth-freshener/8/f/y/480-truffel-dukes-original-imafnukpnkxgurgr.jpeg?q=70
1823,Fabelle,Fabelle Choco Deck Milk and Ruby Chocolate Bars,55 g,84,https://rukminim1.flixcart.com/image/280/280/k6i7zww0/chocolate/3/e/s/55-fabelle-choco-deck-milk-ruby-chocolate-fabelle-chocolates-original-imafzyfsv37fnzcm.jpeg?q=70
1823,Fabelle,Fabelle Choco Deck Milk Chocolate Bars,130 g,136,https://rukminim1.flixcart.com/image/280/280/joynde80/chocolate/a/e/g/130-choco-deck-milk-chocolate-fabelle-original-imafbb7rjxn5khu3.jpeg?q=70
1823,Fabelle,Fabelle Soft Centres Almond Mousse Bars,58 g,68,https://rukminim1.flixcart.com/image/280/280/joynde80/chocolate/j/c/d/58-soft-centres-almond-mousse-fabelle-original-imafbbajjzhkp3rm.jpeg?q=70
1823,Fabelle,Fabelle Choco Deck Fruit and Nut Bars,58 g,59,https://rukminim1.flixcart.com/image/280/280/joynde80/chocolate/y/r/z/58-choco-deck-fruit-nut-fabelle-original-imafbb7tjzb7jbnn.jpeg?q=70
1823,Fabelle,Fabelle Hazelnut Mousse Chocolates Bars,127 g,348,https://rukminim1.flixcart.com/image/280/280/jmp79u80-1/chocolate/v/q/g/127-hazelnut-mousse-fabelle-original-imaf9gkyg6xkxrxp.jpeg?q=70
1823,Fabelle,Fabelle Strawberry Cheese Cake Chocolate Bars,131 g,348,https://rukminim1.flixcart.com/image/280/280/jzrb53k0/chocolate/h/k/x/131-strawberry-cheese-cake-inspired-center-filled-fabelle-original-imafjpnug9yvjzgz.jpeg?q=70
1823,Fabelle,Fabelle Choco Mousse with Nuts and Berries Bars,121 g,420,https://rukminim1.flixcart.com/image/280/280/jmp79u80-1/chocolate/a/g/e/121-choco-mousse-with-nuts-and-berries-fabelle-original-imaf9gkybqepg6hb.jpeg?q=70
1823,Fabelle,Fabelle Wood Chocolate Bars,131 g,348,https://rukminim1.flixcart.com/image/280/280/jzblaq80/chocolate/u/b/a/130-infused-with-dark-mousse-chocolate-wood-centre-filled-original-imafjcvjsyk4xwqg.jpeg?q=70
1823,Fabelle,Fabelle Treasury Chocolates Bars,235 g,348,https://rukminim1.flixcart.com/image/280/280/k1v1h8w0/chocolate/v/u/g/235-the-bars-treasury-fabelle-chocolates-original-imafhccjzb4sp9vq.jpeg?q=70
1823,Fabelle,Fabelle Tiramisu Chocolate Bars,131 g,348,https://rukminim1.flixcart.com/image/280/280/jzrb53k0/chocolate/h/x/r/130-tiramisu-inspired-center-filled-chocolates-fabelle-original-imafjpntgsnkzjt8.jpeg?q=70
1823,Fabelle,Fabelle Fire Chocolate Bars,131 g,348,https://rukminim1.flixcart.com/image/280/280/jzblaq80/chocolate/x/c/g/130-infused-with-white-mousse-and-chilli-fire-centre-filled-original-imafjcvjzfczrvhg.jpeg?q=70
1823,Ferrero Rocher,Ferrero Rocher Truffles,16 Units,497,https://rukminim1.flixcart.com/image/280/280/jamtevk0/chocolate/c/8/m/200-na-ferrero-rocher-original-imafy53ybmnvshyu.jpeg?q=70
1823,Fruit-tella,Fruit-tella Strawberry Toffee,45 g,30,https://rukminim1.flixcart.com/image/280/280/k9itgnk0/candy-mouth-freshener/z/z/k/45-strawberry-flavour-chewy-toffee-stick-45-g-fruittella-original-imafravwzhcyqvay.jpeg?q=70
1823,Fruit-tella,Fruit-tella Orange Toffee,45 g,30,https://rukminim1.flixcart.com/image/280/280/k9itgnk0/candy-mouth-freshener/c/y/y/45-orange-flavour-chewy-toffee-stick-45-g-fruittella-original-imafravwgaghgc7r.jpeg?q=70
1823,Galaxy,Galaxy Smooth Milk Bars,30 g,40,https://rukminim1.flixcart.com/image/280/280/jlv70y80/chocolate/c/d/n/36-smooth-milk-galaxy-original-imaf8wj2jpgh5mtz.jpeg?q=70
1823,Galaxy,Galaxy Crispy Bars,36 g,45,https://rukminim1.flixcart.com/image/280/280/jialea80/chocolate/s/e/x/36-chocolate-crispy-galaxy-original-imaf64jycxfvkgdy.jpeg?q=70
1823,Galaxy,Galaxy Fruit and Nut Bars,36 g,45,https://rukminim1.flixcart.com/image/280/280/jjelq4w0/chocolate/f/z/z/36-chocolate-fruit-and-nut-galaxy-original-imaf6v9m2uzvzgyh.jpeg?q=70
1823,GRB,GRB Gulab Jamun Tin,1 kg,210,https://rukminim1.flixcart.com/image/280/280/j4eha4w0/sweet-mithai/6/n/a/1-canned-gulab-jamun-gulab-jamun-grb-original-imaevahgddct2nrn.jpeg?q=70
1823,Hajmola,Hajmola Regular,120 pieces,38,https://rukminim1.flixcart.com/image/280/280/jjx6g7k0/candy-mouth-freshener/a/n/n/120-regular-hajmola-original-imaf7dqznfgkahcp.jpeg?q=70
1823,Hajmola,"Hajmola Maha Albela Aam, Chulbuli Imli Candy",455 g,122,https://rukminim1.flixcart.com/image/280/280/jx3kn0w0/candy-mouth-freshener/u/z/j/455-maha-hajmola-original-imafhmmhbf6kz3j2.jpeg?q=70
1823,Hajmola,Hajmola Imli,120 pieces,38,https://rukminim1.flixcart.com/image/280/280/j4sronk0/candy-mouth-freshener/t/r/a/120-tablet-imli-hajmola-original-imaevmhfpx3dfcza.jpeg?q=70
1823,Hajmola,Hajmola Chat Cola,120 pieces,38,https://rukminim1.flixcart.com/image/280/280/jx3kn0w0/candy-mouth-freshener/s/a/u/120-na-hajmola-original-imafhmmh59hcccxq.jpeg?q=70
1823,Hajmola,Hajmola Anardana,120 pieces,38,https://rukminim1.flixcart.com/image/280/280/j4sronk0/candy-mouth-freshener/n/2/u/120-tablet-anardana-hajmola-original-imaevmghzrhqhcyx.jpeg?q=70
1823,Happydent,Happydent Wave with Xylitol Mint Chewing Gum,30.6 g,50,https://rukminim1.flixcart.com/image/280/280/k7285u80/chewing-gum/a/w/r/30-6-wave-with-xylitol-happydent-original-imafpdwgprjgrcq2.jpeg?q=70
1823,Happydent,Happydent Wave with Xylitol Fruits Chewing Gum,30.6 g,50,https://rukminim1.flixcart.com/image/280/280/k7285u80/chewing-gum/w/5/q/30-6-wave-with-xylitol-happydent-original-imafpdwgjhk9hmqg.jpeg?q=70
1823,Hershey's,Hershey's Kisses Crunchy Almond Bits in Milk Chocolate Truffles,100.8 g,112,https://rukminim1.flixcart.com/image/280/280/jrgo4280/chocolate/k/w/y/33-6-kisses-crunchy-almond-bits-in-milk-chocolate-hershey-s-original-imafd8xquntzx4jz.jpeg?q=70
1823,Hershey's,Hershey's Kisses Creamy Milk Chocolate Truffles,108 g,133,https://rukminim1.flixcart.com/image/280/280/jrgo4280/chocolate/k/7/2/36-creamy-milk-chocolate-hershey-s-original-imafd8xqsyynbxqv.jpeg?q=70
1823,Hershey's,Hershey's Cookies n Creme Bars,40 g,57,https://rukminim1.flixcart.com/image/280/280/k1jlyfk0/chocolate/j/z/4/40-cookies-n-creme-hershey-s-bar-original-imafh343gangfpbd.jpeg?q=70
1823,Hershey's,Hershey's Creamy Milk Bars,100 g,123,//img1a.flixcart.com/www/linchpin/fk-cp-zion/img/placeholder_9951d0.svg
1823,Hershey's,Hershey's Whole Almonds Bars,100 g,133,https://rukminim1.flixcart.com/image/280/280/k1jlyfk0/chocolate/s/g/g/100-whole-almond-hershey-s-bar-original-imafh343ea8bfatq.jpeg?q=70
1823,Kinder Joy,Kinder Joy for Girls Fudges,20 g,40,https://rukminim1.flixcart.com/image/280/280/jgo0ccw0/chocolate/3/z/y/20-kinder-joy-girl-kinder-original-imaf4uxmhgvfyngc.jpeg?q=70
1823,Kopiko,Kopiko Cappuccino Toffee,161 g,40,https://rukminim1.flixcart.com/image/280/280/k0lbdzk0/candy-mouth-freshener/h/f/g/161-cappuccino-kopiko-original-imafkdfumnu8qd35.jpeg?q=70
1823,Luvit,"Luvit Chocorich Assorted Eclairs Hazelnut, Dark Choco & Classic Flavours Toffee",480 g,105,https://rukminim1.flixcart.com/image/280/280/k7p37gw0/candy-mouth-freshener/e/z/z/480-chocorich-assorted-eclairs-pack-luvit-original-imafpvqabdjfx4gr.jpeg?q=70
1823,LuvIt,LuvIt Crazysmackers Assorted Lollipop,60 g,24,https://rukminim1.flixcart.com/image/280/280/joynde80/candy-mouth-freshener/g/r/s/60-crazysmackers-luvit-original-imafbazx9ehcemhw.jpeg?q=70
1823,LuvIt,LuvIt Eclairs Party Pack Choco Toffee,384 g,59,https://rukminim1.flixcart.com/image/280/280/k2z1t3k0/candy-mouth-freshener/h/8/g/384-eclairs-luvit-original-imafm72qvagmxchf.jpeg?q=70
1823,LuvIt,LuvIt Luscious Love Delights Bars,171 g,110,https://rukminim1.flixcart.com/image/280/280/k0zlsi80/chocolate/t/b/d/171-luscious-love-delights-luvit-original-imafknp4memw8axa.jpeg?q=70
1823,LuvIt,LuvIt Dairy Rich Roasted Almond Bars,40 g,32,//img1a.flixcart.com/www/linchpin/fk-cp-zion/img/placeholder_9951d0.svg
1823,LuvIt,LuvIt Chocwich Home Pack Bars,187 g,104,https://rukminim1.flixcart.com/image/280/280/k4hcjgw0/chocolate/p/q/j/181-8-chocwich-home-pack-luvit-original-imafndhfxvbvnj4g.jpeg?q=70
1823,LuvIt,LuvIt Chocwich White Home Pack Bars,187 g,104,https://rukminim1.flixcart.com/image/280/280/k4hcjgw0/chocolate/h/4/c/181-8-chocwich-white-home-pack-luvit-original-imafndhfq6hrngqh.jpeg?q=70
1823,LuvIt,LuvIt Chocsmackers Assorted Lollipop,60 g,24,https://rukminim1.flixcart.com/image/280/280/jtyouq80/candy-mouth-freshener/g/a/w/60-chocsmackers-luvit-original-imaff77pkumjc9t3.jpeg?q=70
1823,LuvIt,LuvIt Dairy Rich Fruit and Nut Bars,38 g,32,https://rukminim1.flixcart.com/image/280/280/juvjzbk0/chocolate/h/j/s/40-dairy-rich-fruit-and-nut-luvit-original-imaffwdugpebb7jz.jpeg?q=70
1823,LuvIt,LuvIt Dairy Rich Home Delights Milk Chocolate Bars,140 g,108,https://rukminim1.flixcart.com/image/280/280/k6wiefk0/chocolate/a/e/g/154-dairy-rich-home-delights-milk-chocolate-luvit-original-imafp9fkemjnhhps.jpeg?q=70
1823,LuvIt,LuvIt Luscious Rich With Roasted Almonds Bars,44 g,44,https://rukminim1.flixcart.com/image/280/280/jox7xjk0-1/chocolate/g/t/k/45-luscious-silky-smooth-with-roasted-almond-chocolate-luvit-original-imafba5jhg4vhuyy.jpeg?q=70
1823,LuvIt,LuvIt Loca Home Delights Choco Caramel Bars,220 g,108,https://rukminim1.flixcart.com/image/280/280/jv5k2a80/chocolate/c/q/j/220-loca-home-delights-choco-caramel-luvit-original-imafg47cgjfpanyq.jpeg?q=70
1823,LuvIt,LuvIt Crazy Mango Toffee,Stainless Steel Glass Free,161,https://rukminim1.flixcart.com/image/280/280/jwtkk280/candy-mouth-freshener/u/4/s/570-crazy-luvit-original-imafheth8au87qsm.jpeg?q=70
1823,LuvIt,"LuvIt Chatku Kaccha Aam, Masala Candy",Stainless Steel Glass Free,161,https://rukminim1.flixcart.com/image/280/280/jwtkk280/candy-mouth-freshener/m/p/d/600-na-luvit-original-imafhethphg8yt24.jpeg?q=70
1823,LuvIt,LuvIt Crazy Strawberry Jelly Candy,5 Kores Pencils Free,161,https://rukminim1.flixcart.com/image/280/280/jwtkk280/candy-mouth-freshener/z/g/b/540-crazyjelly-luvit-original-imafhethhzufexdp.jpeg?q=70
1823,LuvIt,"LuvIt Chocolate, Caramel Toffee",5 Units Kores Pencil Free,161,https://rukminim1.flixcart.com/image/280/280/jwtkk280/candy-mouth-freshener/p/q/h/570-na-luvit-original-imafheth7cynnru2.jpeg?q=70
1823,Maiyas,Maiyas Soan Papdi Box,Buy 2 or more items save 10%,45,https://rukminim1.flixcart.com/image/280/280/js23pu80/sweet-mithai/q/u/j/200-soan-papdi-soan-papdi-maiyas-original-imafdpsd2wfhb2gd.jpeg?q=70
1823,Maiyas,Maiyas Mysore Pak Box,250 g,80,https://rukminim1.flixcart.com/image/280/280/jvgzl3k0/sweet-mithai/c/n/w/500-mysore-pak-mysore-pak-maiyas-original-imafdpset4vscugn.jpeg?q=70
1823,Maiyas,Maiyas Gulab Jamun Tin,1 kg,140,https://rukminim1.flixcart.com/image/280/280/js23pu80/sweet-mithai/k/p/m/1-gulab-jamun-gulab-jamun-maiyas-original-imafdpsdnanda7f6.jpeg?q=70
1823,Maiyas,Maiyas Orange Soan Papdi Box,Buy 2 or more items save 10%,45,//img1a.flixcart.com/www/linchpin/fk-cp-zion/img/placeholder_9951d0.svg
1823,Mars,Mars Chocolate Bars,51 g,40,https://rukminim1.flixcart.com/image/280/280/jerf7gw0/chocolate/8/c/h/51-chocolate-bar-mars-original-imaf3d9qbbutkac2.jpeg?q=70
1823,Mentos,Mentos Rainbow Assorted Chewy Candy Pouch Assorted Flavours Toffee,156 g,50,https://rukminim1.flixcart.com/image/280/280/jzn0tjk0/candy-mouth-freshener/h/z/h/156-rainbow-assorted-chewy-candy-pouch-mentos-original-imafjm3hwzhrxw5f.jpeg?q=70
1823,Mentos,Mentos Sugarfree Freshmint Chewing Gum,54.6 g,99,https://rukminim1.flixcart.com/image/280/280/jzn0tjk0/chewing-gum/d/8/b/54-6-sugarfree-mentos-original-imafjm3efahkrjds.jpeg?q=70
1823,Mentos,Mentos Sugarfree Spearmint Chewing Gum,54.6 g,99,https://rukminim1.flixcart.com/image/280/280/k7285u80/chewing-gum/c/q/r/54-6-sugarfree-mentos-original-imafpdwgehrfvjkk.jpeg?q=70
1823,Mentos,Mentos Chewy Strawberry Toffee,3x36.4 g,45,https://rukminim1.flixcart.com/image/280/280/k7285u80/candy-mouth-freshener/n/z/9/109-2-chewy-mentos-original-imafpdwgfadunn3f.jpeg?q=70
1823,Mentos,Mentos Rainbow Chewy Assorted Toffee,3x36.4 g,45,https://rukminim1.flixcart.com/image/280/280/jzn0tjk0/candy-mouth-freshener/d/b/9/109-2-rainbow-chewy-mentos-original-imafjm3g33xtpx6y.jpeg?q=70
1823,Mentos,Mentos Chewy Orange Toffee,3x36.4 g,45,https://rukminim1.flixcart.com/image/280/280/k7285u80/candy-mouth-freshener/r/y/p/109-2-chewy-mentos-original-imafpdwgpt9ub3g4.jpeg?q=70
1823,Milkybar,Milkybar Moosha Wheat Cocoa Crispies- 45g Bars,45 g,45,https://rukminim1.flixcart.com/image/280/280/jw9ke4w0/chocolate/6/x/a/45-moosha-wheat-cocoa-crispies-45g-milkybar-original-imafgzqw4dx7w8wc.jpeg?q=70
1823,MTR,MTR Rasogolla Tin,500 g,113,https://rukminim1.flixcart.com/image/280/280/jefzonk0/sweet-mithai/r/a/7/500-rasgulla-rasgulla-mtr-original-imaf2eypxhrnaxep.jpeg?q=70
1823,Nestle,Nestle Milky Bars,79.2 g,59,https://rukminim1.flixcart.com/image/280/280/jjylw280/chocolate/f/p/a/66-milky-nestle-original-imaf7ffxb6kgmzjy.jpeg?q=70
1823,Nestle,Nestle Munch Bars,202 g,100,https://rukminim1.flixcart.com/image/280/280/k3670cw0/chocolate/a/9/b/202-munch-nestle-original-imafmcr7nm5urrr3.jpeg?q=70
1823,Nestle,Nestle Kitkat Bars,Buy 3 or more units save 10%,25,https://rukminim1.flixcart.com/image/280/280/k8t3jbk0/chocolate/a/r/f/37-3-kitkat-nestle-original-imafqqqgqfcht53k.jpeg?q=70
1823,Nestle,Nestle Munch Nuts Bars,264 g,112,//img1a.flixcart.com/www/linchpin/fk-cp-zion/img/placeholder_9951d0.svg
1823,Nestle,Nestle Kitkat Dessert Delight Truffle Bars,50 g,50,https://rukminim1.flixcart.com/image/280/280/jsaocy80/chocolate/u/k/z/50-kitkat-dessert-delight-truffle-nestle-original-imafdwgj2asggvdy.jpeg?q=70
1823,Nestle,Nestle Kitkat Dessert Delight Bars,150 g,148,https://rukminim1.flixcart.com/image/280/280/jr58l8w0/chocolate/m/b/z/300-kitkat-dessert-delight-nestle-original-imafcx7ysymgvyes.jpeg?q=70
1823,Nestle,Nestle Kitkat Dessert Delight Choco Pudding Bars,50 g,50,https://rukminim1.flixcart.com/image/280/280/jsaocy80/chocolate/j/c/8/50-kitkat-dessert-delight-choco-pudding-nestle-original-imafdwgjunv8tqtt.jpeg?q=70
1823,Nestle,Nestle Milky Bar Eclairs Caramels,340 g,99,https://rukminim1.flixcart.com/image/280/280/jjrgosw0/chocolate/2/7/m/320-milky-bar-eclairs-nestle-original-imaf79d5mhhzvgmc.jpeg?q=70
1823,Nestle,Nestle Kitkat Dessert Delight Rich Chocolate Fudge Bars,150 g,158,https://rukminim1.flixcart.com/image/280/280/k15bjww0/chocolate/p/m/w/150-kitkat-dessert-delight-rich-chocolate-fudge-nestle-original-imafks8kztfqz4eh.jpeg?q=70
1823,Orbit,Orbit Sugar Free Spearmint Chewing Gum,22 g,45,https://rukminim1.flixcart.com/image/280/280/jx9aefk0/chewing-gum/r/z/p/22-sugar-free-orbit-original-imafhr7c7hprxcv5.jpeg?q=70
1823,Orbit,Orbit Sugar Free Sweet Mint Chewing Gum,22 g,50,https://rukminim1.flixcart.com/image/280/280/jx9aefk0/chewing-gum/y/6/x/22-sugar-free-orbit-original-imafhr7cnnr6ceyn.jpeg?q=70
1823,Orbit,Orbit Sugar Free Mixed Fruit Chewing Gum,22 g,50,https://rukminim1.flixcart.com/image/280/280/jx9aefk0/chewing-gum/n/y/f/22-sugar-free-orbit-original-imafhr7dvmpxzgjh.jpeg?q=70
1823,Paper Boat,Paper Boat Chikki Box,840 g,270,https://rukminim1.flixcart.com/image/280/280/k7w8eq80/sweet-mithai/f/w/v/840-chikki-chikki-paper-boat-original-imafqfykyfdn6gg5.jpeg?q=70
1823,Paper Boat,Paper Boat Crushed Peanut Chikki Box,1000 g,325,https://rukminim1.flixcart.com/image/280/280/k7w8eq80/sweet-mithai/m/z/z/1000-crushed-peanut-chikki-chikki-paper-boat-original-imafqfykfcfzqfaz.jpeg?q=70
1823,Paper Boat,Paper Boat Aam Papad,425 g,237,https://rukminim1.flixcart.com/image/280/280/jmqmpow0/candy-mouth-freshener/m/z/h/425-na-paper-boat-original-imaf9k7teyjbybxa.jpeg?q=70
1823,Parle,Parle Melody Chocolaty Toffee,195.5 g,50,https://rukminim1.flixcart.com/image/280/280/j3nbwy80/candy-mouth-freshener/t/w/z/195-5-melody-chocolaty-parle-original-imaeuqjztap5fhc2.jpeg?q=70
1823,Parle,Parle Mango Bite Candy,289 g,50,https://rukminim1.flixcart.com/image/280/280/j3orcsw0/candy-mouth-freshener/g/r/k/320-mango-bite-parle-original-imaeuq6h5frkxnbh.jpeg?q=70
1823,Parle,Parle Kismi Toffee Gummy Candy,294 g,50,https://rukminim1.flixcart.com/image/280/280/k9itgnk0/candy-mouth-freshener/z/c/q/294-kismi-toffee-parle-original-imafrazbspz37dsd.jpeg?q=70
1823,Parle,Parle Kaccha Mango Bite Sour Candy,277 g,50,https://rukminim1.flixcart.com/image/280/280/k9itgnk0/candy-mouth-freshener/j/z/s/277-na-parle-original-imafrazb5ad5b66s.jpeg?q=70
1823,Parle,Parle Rol.a.Cola Candy,100 g,20,https://rukminim1.flixcart.com/image/280/280/k226oi80/candy-mouth-freshener/z/d/g/150-na-parle-original-imafhhzghjaa3jru.jpeg?q=70
1823,Parle,Parle Orange Bite Toffee,289 g,50,https://rukminim1.flixcart.com/image/280/280/k9itgnk0/candy-mouth-freshener/c/b/r/289-orange-bite-parle-original-imafrazbtnbadgds.jpeg?q=70
1823,Parle,Parle London Derry Candy,277 g,50,https://rukminim1.flixcart.com/image/280/280/k9itgnk0/candy-mouth-freshener/7/u/h/277-london-derry-parle-original-imafrazbjcsfbgp3.jpeg?q=70
1823,Parle,Parle 2 in 1 Eclairs Toffee,277 g,50,https://rukminim1.flixcart.com/image/280/280/k9itgnk0/candy-mouth-freshener/w/h/r/277-2-in-1-eclairs-parle-original-imafrazbggqta39r.jpeg?q=70
1823,Parle,Parle Real Coffee Cafechino Toffee,10% Extra in Pack,50,https://rukminim1.flixcart.com/image/280/280/jtiz0cw0/candy-mouth-freshener/k/v/2/247-5-real-coffee-parle-original-imafeuuzgtkr6cjz.jpeg?q=70
1823,Skittles,Skittles Original Candy,68.25 g,74,https://rukminim1.flixcart.com/image/280/280/jx9aefk0/candy-mouth-freshener/z/d/2/68-25-na-skittles-original-imafhr7dkmwe5uyx.jpeg?q=70
1823,Skittles,Skittles Wild Berry Candy,68.25 g,74,https://rukminim1.flixcart.com/image/280/280/jx9aefk0/candy-mouth-freshener/m/z/p/68-25-na-skittles-original-imafhr7dmmagphkz.jpeg?q=70
1823,Snickers,Snickers Miniatures Bars,150 g,126,https://rukminim1.flixcart.com/image/280/280/jgo0ccw0/chocolate/c/r/f/150-miniatures-snickers-original-imaf3d9qzxuybrhs.jpeg?q=70
1823,Snickers,Snickers 2X Bars,80 g,70,https://rukminim1.flixcart.com/image/280/280/jkh6m4w0/chocolate/m/x/p/80-na-snickers-original-imaf7twwdunbehdh.jpeg?q=70
1823,Snickers,Snickers Bars,150 g,107,https://rukminim1.flixcart.com/image/280/280/jlv70y80/chocolate/h/g/y/150-na-snickers-original-imaf8wj228u6j8yg.jpeg?q=70
1823,Snickers,Snickers Almond Bars,45 g,50,https://rukminim1.flixcart.com/image/280/280/juu4jgw0/chocolate/q/7/g/45-almond-snickers-original-imaffuygmjjqhuk8.jpeg?q=70
1823,Snickers,Snickers Minis Chocolate Bars,227 g,221,https://rukminim1.flixcart.com/image/280/280/jgo0ccw0/chocolate/u/h/f/227-minis-chocolate-snickers-original-imaf4v2yfqywn7bh.jpeg?q=70
1823,Sundrop,Sundrop Duo Coconut Bars,128.7 g,41,https://rukminim1.flixcart.com/image/280/280/k91o6fk0/chocolate/d/9/r/128-7-duo-coconut-value-pack-sundrop-original-imafqx9dz69gyvzg.jpeg?q=70
1823,Swad,Swad Centre Filled Masala Lemon Candy,300 pieces,300,https://rukminim1.flixcart.com/image/280/280/jjhglu80/candy-mouth-freshener/n/h/v/300-centre-filled-masala-swad-original-imaf723534djmyrc.jpeg?q=70
1823,Swad,Swad Centre Filled Masala Kaccha Aam Candy,300 pieces,300,https://rukminim1.flixcart.com/image/280/280/jjhglu80/candy-mouth-freshener/d/x/h/300-centre-filled-masala-swad-original-imaf7235gxzpbncf.jpeg?q=70
