1917,24 Mantra,24 Mantra Bura Sugar,500 g Pouch,79,https://rukminim1.flixcart.com/image/280/280/jgzfv680/sugar/g/h/e/500-organic-demmera-sachet-brown-sugar-24-mantra-crystal-original-imaf53u7sznrdd9b.jpeg?q=70
1917,24 Mantra,24 Mantra Sulphurless Sugar,1 kg Pouch,113,https://rukminim1.flixcart.com/image/280/280/j9it30w0/sugar/v/k/h/1-sulphurless-pouch-white-sugar-24-mantra-crystal-original-imaezaz4hhnmhcu8.jpeg?q=70
1917,24 Mantra Organic,24 Mantra Organic Powder Jaggery,500 g,79,https://rukminim1.flixcart.com/image/280/280/jd94h3k0/jaggery/j/z/x/500-products-powder-powder-pouch-24-mantra-organic-original-imaf27gdw3wdfuaa.jpeg?q=70
1917,24 Mantra Organic,24 Mantra Organic Sugar,1 kg Pouch,133,https://rukminim1.flixcart.com/image/280/280/j9it30w0/sugar/c/t/b/1-organic-pouch-white-sugar-24-mantra-crystal-original-imaezazfwuufhacf.jpeg?q=70
1917,Flipkart Supermart Select,Flipkart Supermart Select Sugar,1 kg Pouch,54,https://rukminim1.flixcart.com/image/280/280/k7ksvww0/sugar/f/b/p/500-na-pouch-white-sugar-flipkart-supermart-select-crystal-original-imafps7wkzchujuu.jpeg?q=70
1917,Flipkart Supermart Select,Flipkart Supermart Select Bold Sugar,1 kg Pouch,54,https://rukminim1.flixcart.com/image/280/280/k7ksvww0/sugar/c/u/h/1-bold-pouch-white-sugar-flipkart-supermart-select-crystal-original-imafps7w75ckhhh4.jpeg?q=70
1917,Madhur,Madhur Sugar,1 kg Pouch,44,https://rukminim1.flixcart.com/image/280/280/jx3kn0w0/sugar/n/g/m/1-na-pouch-white-sugar-madhur-crystal-original-imafhmq6h7eznxdc.jpeg?q=70
1917,Organic Tattva,Organic Tattva Brown Sugar,500 g Pouch,57,https://rukminim1.flixcart.com/image/280/280/jm81zm80/sugar/h/b/h/500-organic-brown-sachet-brown-sugar-organic-tattava-crystal-original-imaf96bx2xgbj87z.jpeg?q=70
1917,Organic Tattva,Organic Tattva Powder Jaggery,500 g,74,https://rukminim1.flixcart.com/image/280/280/jfh54sw0/jaggery/s/z/f/500-organic-powder-powder-pouch-organic-tattava-original-imaf3xmfz2hmbtkd.jpeg?q=70
1917,Organic Tattva,Organic Tattva Natural Rock Salt,500 g,42,https://rukminim1.flixcart.com/image/280/280/jfbfde80/salt/t/u/v/500-natural-rock-salt-organic-tattva-original-imaf3tgu4cxcyhez.jpeg?q=70
1917,Organic Tattva,Organic Tattva Sugar,500 g Pouch,63,https://rukminim1.flixcart.com/image/280/280/jfbfde80/sugar/q/f/w/500-organic-sachet-white-sugar-organic-tattava-crystal-original-imaf3tgtzq4gnm8u.jpeg?q=70
1917,Pro Nature,Pro Nature Organic Brown Sugar,500 g Pouch,74,https://rukminim1.flixcart.com/image/280/280/jq4353k0/sugar/5/q/q/500-organic-brown-pouch-brown-sugar-pro-nature-crystal-original-imafc7agdxzhr4zf.jpeg?q=70
1917,Pro Nature Organic,Pro Nature Organic Powder Jaggery,400 g,77,https://rukminim1.flixcart.com/image/280/280/jx3kn0w0/jaggery/g/q/3/400-powder-powder-pouch-pro-nature-organic-original-imafhmzuwgzqp7gn.jpeg?q=70
1917,Safe Harvest,Safe Harvest Powder Jaggery,500 g,49,https://rukminim1.flixcart.com/image/280/280/jxf05u80/jaggery/x/t/x/500-powder-powder-pouch-safe-harvest-original-imafhvtgkky9vx9r.jpeg?q=70
1917,Safe Harvest,Safe Harvest Khandsari Sugar,1 kg Pouch,94,https://rukminim1.flixcart.com/image/280/280/jfbfde80/sugar/y/n/f/1-khandsari-pouch-khandsari-sugar-safe-harvest-crystal-original-imaf3tgs43zfh7zx.jpeg?q=70
1917,Saffola,Saffola Plus Iodized Salt,1 kg,35,https://rukminim1.flixcart.com/image/280/280/jp8ngcw0/salt/z/u/z/1-plus-iodized-salt-saffola-original-imafbgqhd8wdwfyq.jpeg?q=70
1917,Sugar Free,Sugar Free Natura Sweetener,100 g,143,https://rukminim1.flixcart.com/image/280/280/j9pyaa80/artificial-sweetener/y/a/y/100-natura-sugar-free-original-imaezgk5vmdnvzgr.jpeg?q=70
1917,Sugar Free,Sugar Free Gold Sweetener,50 g,248,https://rukminim1.flixcart.com/image/280/280/jp8ngcw0/artificial-sweetener/k/w/u/50-gold-sugar-free-original-imafbgqkugvrnmhr.jpeg?q=70
1917,Sugar Free,Sugar Free Green Stevia Sweetener,100 Tablets,74,https://rukminim1.flixcart.com/image/280/280/j8uiljk0/artificial-sweetener/h/m/c/10-green-stevia-sugarfree-original-imaeynt7h7uk23hz.jpeg?q=70
1917,Sugar Free,Sugar Free Natura Drops Sweetener,10 ml,138,https://rukminim1.flixcart.com/image/280/280/j9338nk0/artificial-sweetener/8/r/y/10-natura-drops-sugar-free-original-imaeyyqhvtq9twh3.jpeg?q=70
1917,SugarFree,SugarFree Natura Sweetener,300 Tablets,188,https://rukminim1.flixcart.com/image/280/280/j5ws0i80/artificial-sweetener/h/k/9/25-5-natura-sugarfree-original-imaewhwfnpx8sczf.jpeg?q=70
1917,Sugarlite,Sugarlite 50% Less Calories Sugar,500 g Pouch,98,https://rukminim1.flixcart.com/image/280/280/k20r8nk0/sugar/r/t/a/500-100-natural-blended-pouch-white-sugar-sugarlite-crystal-original-imafhgkghamtawam.jpeg?q=70
1917,Tata,Tata Iodized Salt,1 kg,20,https://rukminim1.flixcart.com/image/280/280/jq4353k0/salt/q/w/m/1-na-iodized-salt-tata-original-imafc7agxkbypvgr.jpeg?q=70
1917,Tata,Tata Crystal Iodized Salt,1 kg,18,https://rukminim1.flixcart.com/image/280/280/j65cnm80/salt/x/r/n/1-crystal-sea-salt-tata-original-imaewzgfgjbfbywj.jpeg?q=70
1917,Tata,Tata Lite Iodized Salt,1 kg,35,https://rukminim1.flixcart.com/image/280/280/j612c280/salt/g/a/n/1-lite-iodized-salt-tata-original-imaewh8ahppfsgsg.jpeg?q=70
1917,Tata,Tata Rock Salt,500 g,59,https://rukminim1.flixcart.com/image/280/280/jm573ww0/salt/j/v/h/500-na-rock-salt-tata-original-imaf94c9ne4ur6um.jpeg?q=70
1917,Tata,Tata Plus Iodized Salt,1 kg,30,https://rukminim1.flixcart.com/image/280/280/jm9hfgw0/salt/n/g/k/1-plus-iodized-salt-tata-original-imaf97p2d6zpkhtv.jpeg?q=70
