2254,Airwick,Airwick Summer Delights Freshematic Refill,250 ml,263,https://rukminim1.flixcart.com/image/280/280/j3vwk280/air-freshener/j/w/q/250-liquid-fresh-matic-refill-life-scents-airwick-original-imaeux9hmdhnzhyz.jpeg?q=70
2254,Airwick,Airwick Freshmatic Summer Delights Automatic Spray,250 ml,488,https://rukminim1.flixcart.com/image/280/280/jzog9e80/air-freshener/f/m/x/250-freshmatic-complete-kit-liquid-airwick-original-imafjnypawshnh5p.jpeg?q=70
2254,Airwick,Airwick Aromas of Kashmir Refill,250 ml,263,https://rukminim1.flixcart.com/image/280/280/jmmce4w0/air-freshener/f/z/2/319-liquid-scents-of-india-freshmatic-air-freshner-refill-original-imaf9haympkuym6h.jpeg?q=70
2254,Airwick,Airwick Hills of Munnar Automatic Spray,157 g,488,https://rukminim1.flixcart.com/image/280/280/jmmce4w0/air-freshener/y/j/y/319-liquid-freshmatic-air-freshner-complete-kit-airwick-original-imaf9hfaguhzm58v.jpeg?q=70
2254,Airwick,Airwick Lavender Meadows Blocks,2x50 g,117,https://rukminim1.flixcart.com/image/280/280/ju04akw0/air-freshener/z/t/a/100-everfresh-gel-gel-airwick-original-imaff7z5hmygh5rd.jpeg?q=70
2254,Airwick,Airwick Citrus Splash Blocks,2x50 g,117,https://rukminim1.flixcart.com/image/280/280/ju04akw0/air-freshener/c/b/j/100-everfresh-gel-gel-airwick-original-imaff7z5zcrbjhzh.jpeg?q=70
2254,Ambipur,Ambipur Exotic Jasmine Spray,275 g,276,https://rukminim1.flixcart.com/image/280/280/j3vwk280/air-freshener/y/q/w/275-liquid-air-effect-air-freshener-ambipur-original-imaeux9hypprf4fp.jpeg?q=70
2254,Godrej aer,Godrej aer Assorted Blocks,3x10 g,152,https://rukminim1.flixcart.com/image/280/280/j5zmw7k0/air-freshener/u/g/z/90-pocket-bathroom-freshner-assorted-pack-of-3-each-30g-gel-original-imaewk75hzyydfvf.jpeg?q=70
2254,Godrej aer,Godrej aer Bright Tangy Delight Blocks,Rs 5 Savings Pack,52,https://rukminim1.flixcart.com/image/280/280/j4hc5u80/air-freshener/j/r/f/10-pocket-bathroom-fragrance-bar-godrej-aer-original-imaevdx4tghvcxuj.jpeg?q=70
2254,Godrej aer,Godrej aer Fresh Lush Green Spray,240 ml,134,https://rukminim1.flixcart.com/image/280/280/k7f34i80/air-freshener/g/p/v/240-room-spray-liquid-godrej-aer-original-imafpnvyetctrqzq.jpeg?q=70
2254,Godrej aer,Godrej aer Violet Valley Bloom Blocks,10 g,52,https://rukminim1.flixcart.com/image/280/280/j4hc5u80/air-freshener/m/v/f/10-pocket-bathroom-fragrance-bar-godrej-aer-original-imaevdxhdxtutyny.jpeg?q=70
2254,Godrej aer,Godrej aer Morning Misty Meadows Blocks,Rs 5 Savings Pack,52,https://rukminim1.flixcart.com/image/280/280/j4hc5u80/air-freshener/e/6/z/10-pocket-bathroom-fragrance-bar-godrej-aer-original-imaevdxh3hhb5z4v.jpeg?q=70
2254,Godrej aer,Godrej aer Petal Crush Pink Blocks,10 g,52,https://rukminim1.flixcart.com/image/280/280/juk4gi80/air-freshener/k/m/h/10-bar-pocket-bathroom-fragrance-godrej-aer-original-imaffnk4232bv8h7.jpeg?q=70
2254,Godrej aer,Godrej aer Assorted Blocks,50 g,251,https://rukminim1.flixcart.com/image/280/280/k6pd7680/air-freshener/y/g/b/50-pocket-bathroom-fragrance-assorted-pack-50-g-pack-of-5-bar-original-imafp3ynkmwjctvh.jpeg?q=70
2254,Godrej aer,Godrej aer Morning Misty Meadows Spray,240 ml,141,https://rukminim1.flixcart.com/image/280/280/juk4gi80/air-freshener/9/x/h/270-liquid-morning-misty-meadows-godrej-aer-original-imaffnk4wajfeny7.jpeg?q=70
2254,Godrej aer,Godrej aer Violet Valley Bloom Spray,240 ml,141,https://rukminim1.flixcart.com/image/280/280/k7dnonk0/air-freshener/u/b/8/240-room-spray-liquid-godrej-aer-original-imafpmgv7nf4afba.jpeg?q=70
2254,Godrej aer,Godrej aer Petal Crush Pink Spray,240 ml,141,https://rukminim1.flixcart.com/image/280/280/juk4gi80/air-freshener/g/w/g/270-liquid-petal-crush-pink-godrej-aer-original-imaffnk4rbgxcx78.jpeg?q=70
2254,Godrej aer,Godrej aer Cool Surf Blue Spray,240 ml,141,https://rukminim1.flixcart.com/image/280/280/juk4gi80/air-freshener/v/j/5/270-liquid-cool-surf-blue-godrej-aer-original-imaffnk4b5j4qv6j.jpeg?q=70
2254,Godrej aer,Godrej aer Musk After Smoke Spray,240 ml,141,https://rukminim1.flixcart.com/image/280/280/juk4gi80/air-freshener/q/c/z/270-liquid-musk-after-smoke-godrej-aer-original-imaffnk4zv8shgzp.jpeg?q=70
2254,Mortein,Mortein Insta Mosquito Vaporiser Refill,35 ml,84,https://rukminim1.flixcart.com/image/280/280/k908qkw0/mosquito-vaporise-refill/w/m/n/insta-refill-1-insta-mortein-original-imafqwcc52jyarrp.jpeg?q=70
2254,Mortein,Mortein Insta5 Mosquito Vaporiser,1 Unit 1 Refill,80,https://rukminim1.flixcart.com/image/280/280/k908qkw0/mosquito-vaporiser/e/m/h/insta5-combo-machine-with-refill-insta5-mortein-original-imafqwccy8zuxrej.jpeg?q=70
2254,Odomos,Odomos Naturals Non Sticky Mosquito Repellent Cream,100 g,87,https://rukminim1.flixcart.com/image/280/280/jepzrm80/insect-repellent/y/c/g/100-naturals-non-sticky-mosquito-repellent-cream-1-odomos-original-imaf3cf4rvzcumgf.jpeg?q=70
2254,Odomos,Odomos Non-sticky Mosquito Repellent Cream,100 g,83,https://rukminim1.flixcart.com/image/280/280/jbwji4w0/insect-repellent/f/h/y/100-non-sticky-mosquito-repellent-cream-1-odomos-original-imafytg2asy8y8n8.jpeg?q=70
2254,Odomos,Odomos Fabric Roll-On Mosquito Repellent,"Combo Pack 1 + 1 Free, 8 ml each",74,https://rukminim1.flixcart.com/image/280/280/k3q76a80/insect-repellent/p/3/u/8-fabric-roll-on-mosquito-repellent-1-odomos-original-imafmsk5zzg9b5ub.jpeg?q=70
2254,Odomos Naturals,Odomos Naturals Mosquito Repellent Spray,100 ml,80,https://rukminim1.flixcart.com/image/280/280/jbdys280/insect-repellent/a/z/k/100-mosquito-repellent-spray-1-odomos-naturals-original-imafyrfghn4aww9a.jpeg?q=70
2254,Odomos Naturals,Odomos Naturals Mosquito Repellent,80 g,71,https://rukminim1.flixcart.com/image/280/280/jbwji4w0/insect-repellent/y/y/b/80-mosquito-repellent-1-odomos-naturals-original-imaff5dzebnb3df2.jpeg?q=70
2254,Odonil,Odonil Multi Fragrance Blocks,Buy 3 Get 1 Free,126,https://rukminim1.flixcart.com/image/280/280/k47cgi80/air-freshener/d/m/h/150-air-freshener-bar-odonil-original-imafn5ttyaf54hbh.jpeg?q=70
2254,Odonil,Odonil Lavender Mist Spray,270 ml,89,https://rukminim1.flixcart.com/image/280/280/ka2tmkw0/air-freshener/j/f/g/270-lavender-mist-room-spray-liquid-odonil-original-imafrq6cyrnymz4g.jpeg?q=70
2254,Odonil,Odonil Multi Fragrance Blocks,Buy 3 Get 1 (75g Each) Free,201,https://rukminim1.flixcart.com/image/280/280/k47cgi80/air-freshener/e/2/4/225-odour-buster-bar-odonil-original-imafn5ttk5b5mf3g.jpeg?q=70
2254,Odonil,Odonil Jasmine Fresh Spray,240 ml,133,https://rukminim1.flixcart.com/image/280/280/jz7az680/air-freshener/k/h/g/270-jasmine-fresh-room-spray-liquid-odonil-original-imafj9qby3ygdhkx.jpeg?q=70
2254,Odonil,Odonil Citrus Fresh Spray,270 ml,133,https://rukminim1.flixcart.com/image/280/280/jz7az680/air-freshener/5/t/u/270-citrus-fresh-room-spray-liquid-odonil-original-imafj9qbmqjrrgmp.jpeg?q=70
2254,Odonil,Odonil Sandal Bouquet Spray,153 g,147,https://rukminim1.flixcart.com/image/280/280/k2m6ufk0/air-freshener/s/a/5/153-room-spray-sandal-bouquet-liquid-odonil-original-imafhx8kkahby7wb.jpeg?q=70
2254,Odonil,Odonil Citrus Spice Blocks,75 g,71,https://rukminim1.flixcart.com/image/280/280/k4rcmfk0/air-freshener/b/c/q/75-air-freshener-gel-odonil-original-imafngqpbdcq9yqm.jpeg?q=70
2254,Odonil,Odonil Mystic Rose Blocks,75 g,66,https://rukminim1.flixcart.com/image/280/280/k47cgi80/air-freshener/z/f/w/75-air-freshener-bar-odonil-original-imafn5ttcahdkhvy.jpeg?q=70
2254,Odonil,Odonil Jasmine Mist Blocks,75 g,66,https://rukminim1.flixcart.com/image/280/280/k47cgi80/air-freshener/d/f/e/75-air-freshener-bar-odonil-original-imafn5tth55vnvnb.jpeg?q=70
2254,Odonil,Odonil Rose Garden Spray,190ml Odonil Room Freshener Free,147,https://rukminim1.flixcart.com/image/280/280/k2m6ufk0/air-freshener/u/x/z/153-room-spray-liquid-odonil-original-imafhx8kkuztzc8n.jpeg?q=70
2254,Odonil,Odonil Lavender Mist Spray,190 ml,98,https://rukminim1.flixcart.com/image/280/280/k5r2mq80/air-freshener/w/z/y/190-room-spray-liquid-odonil-original-imafhx8kcbzqc6ja.jpeg?q=70
2254,Odonil,Odonil Citrus Fresh Spray,270 ml,147,https://rukminim1.flixcart.com/image/280/280/k2m6ufk0/air-freshener/6/z/x/153-room-spray-liquid-odonil-original-imafhx8kt9a5myhd.jpeg?q=70
2254,Odonil,Odonil Lavender Mist Spray,550 g,357,https://rukminim1.flixcart.com/image/280/280/jt7jhjk0/air-freshener/x/r/f/700-room-spray-liquid-odonil-original-imafemdzh6prmvug.jpeg?q=70
2254,Odonil,Odonil Jasmine Fresh Spray,153 g,147,https://rukminim1.flixcart.com/image/280/280/k2m6ufk0/air-freshener/c/r/n/153-room-spray-liquid-odonil-original-imafhx8k97wmkbna.jpeg?q=70
2254,Odonil,Odonil Jasmine Fresh Spray,550 g,358,https://rukminim1.flixcart.com/image/280/280/jt8yxe80/air-freshener/g/w/q/550-room-freshner-jasmine-fresh-liquid-odonil-original-imafemz93tqpgu6x.jpeg?q=70
2254,Odonil Smile Lol,Odonil Smile Lol French Melody Blocks,6x10 g,285,https://rukminim1.flixcart.com/image/280/280/jrtj2q80/air-freshener/e/j/y/60-smile-lol-bathroom-and-car-freshener-bar-odonil-original-imafdgvrrhs6f8h2.jpeg?q=70
2254,Odonil Smile Love,Odonil Smile Love Miami Dream Blocks,6x10 g,285,https://rukminim1.flixcart.com/image/280/280/jzog9e80/air-freshener/h/b/v/12-smile-love-air-freshener-bar-odonil-smile-love-original-imafjnyphtuahgkm.jpeg?q=70
2254,Odonil Zipper,Odonil Zipper Multi Fragrance Blocks,5x10 g,211,https://rukminim1.flixcart.com/image/280/280/jzpvp8w0/air-freshener/h/n/4/50-5-powerful-fragrance-bar-odonil-zipper-original-imafjkn9pgpg8hes.jpeg?q=70
2254,Odonil Zipper,Odonil Zipper Joyful Lavender Blocks,10 g,49,https://rukminim1.flixcart.com/image/280/280/k3q76a80/air-freshener/f/c/r/10-zipper-bar-odonil-zipper-original-imafmskfxn9cfgbf.jpeg?q=70
2254,Odonil Zipper,Odonil Zipper Multi Fragrances Blocks,3x10 g,131,https://rukminim1.flixcart.com/image/280/280/jpsnma80/air-freshener/s/r/w/30-nature-zipper-bar-odonil-original-imafbxr5sj9pzjgx.jpeg?q=70
2254,Odonil Zipper,Odonil Zipper Alluring Daffodil Blocks,10 g,49,//img1a.flixcart.com/www/linchpin/fk-cp-zion/img/placeholder_9951d0.svg
2254,Odonil Zipper,Odonil Zipper Scintillating Rose Blocks,10 g,49,https://rukminim1.flixcart.com/image/280/280/k47cgi80/air-freshener/9/z/q/10-zipper-bar-odonil-zipper-original-imafn5ttuqfbf8un.jpeg?q=70
2254,Odonil Zipper,Odonil Zipper Soulful Jasmine Blocks,6x10 g,280,https://rukminim1.flixcart.com/image/280/280/k34rki80/air-freshener/y/y/h/60-zipper-bar-odonil-zipper-original-imafmbj9frkyrmds.jpeg?q=70
2254,Odonil Zipper,Odonil Zipper Blissful Citrus Blocks,6x10 g,297,https://rukminim1.flixcart.com/image/280/280/k37mg7k0/air-freshener/g/v/2/60-zipper-bar-odonil-zipper-original-imafmcz9pevzxbya.jpeg?q=70
2254,Odonil Zipper,Odonil Zipper Joyful Lavender Blocks,6x10 g,280,https://rukminim1.flixcart.com/image/280/280/k3q76a80/air-freshener/y/u/6/60-zipper-bar-odonil-zipper-original-imafmsk29kmyw7p9.jpeg?q=70
2254,Odonil Zipper,Odonil Zipper Scintillating Rose Blocks,6x10 g,280,https://rukminim1.flixcart.com/image/280/280/k47cgi80/air-freshener/h/v/c/60-zipper-air-freshener-bar-odonil-zipper-original-imafn5ttpzstprqa.jpeg?q=70
2254,Odonil Zipper,Odonil Zipper Alluring Daffodil Blocks,6x10 g,280,https://rukminim1.flixcart.com/image/280/280/jrtj2q80/air-freshener/n/j/j/60-smile-air-freshener-zipper-bar-odonil-original-imafdgv3snasghws.jpeg?q=70
