943,24 Mantra Organic,24 Mantra Organic Groundnut Oil Plastic Bottle,1 L,346,https://rukminim1.flixcart.com/image/280/280/ja9yg7k0/edible-oil/w/g/a/1-cold-pressed-plastic-bottle-groundnut-oil-24-mantra-organic-original-imaezwfxhnk549qj.jpeg?q=70
943,24 Mantra Organic,24 Mantra Organic Mustard Oil Plastic Bottle,1 L,297,https://rukminim1.flixcart.com/image/280/280/ja9yg7k0/edible-oil/g/n/t/1-premium-plastic-bottle-mustard-oil-24-mantra-organic-original-imaezwywkghnr6vs.jpeg?q=70
943,Aadhar,Aadhar Refined Sunflower Oil Pouch,1 L,106,https://rukminim1.flixcart.com/image/280/280/jsuoivk0/edible-oil/j/a/3/1-refined-pouch-sunflower-oil-aadhar-original-imafebz6n2rzzrx6.jpeg?q=70
943,Amul,Amul High Aroma Cow Ghee 1 L Tin,1 L Tin,537,https://rukminim1.flixcart.com/image/280/280/juyev0w0/ghee/f/v/s/1-high-aroma-cow-tin-amul-original-imaffybbgszfuhzp.jpeg?q=70
943,Amul,Amul Pure Ghee 1 L Tin,1 L Tin,518,https://rukminim1.flixcart.com/image/280/280/jjylw280/ghee/e/f/g/1-pure-tin-amul-original-imaf7e3fehszrsxm.jpeg?q=70
943,Amul,Amul Cow Ghee 1 L Pouch,1 L Pouch,518,https://rukminim1.flixcart.com/image/280/280/j5zmw7k0/ghee/k/p/e/1-cow-pouch-amul-original-imaewkd2ysbgbwhm.jpeg?q=70
943,Bertolli,Bertolli Extra Light Olive Oil Plastic Bottle,2 L,961,https://rukminim1.flixcart.com/image/280/280/k3xcdjk0/edible-oil/t/n/j/2-extra-light-plastic-bottle-olive-oil-bertolli-original-imafmxu4dqgxzgaw.jpeg?q=70
943,Borges,Borges Extra Light Olive Oil Glass Bottle,1 L,689,https://rukminim1.flixcart.com/image/280/280/j62hrww0/edible-oil/r/c/z/1-extra-light-glass-bottle-olive-oil-borges-original-imaewmczqzfrpjgp.jpeg?q=70
943,Borges,Borges Canola Oil Plastic Bottle,1 L,175,https://rukminim1.flixcart.com/image/280/280/j8ndea80/edible-oil/k/s/y/1-na-plastic-bottle-canola-oil-borges-original-imaeymgsbaae7rcd.jpeg?q=70
943,Borges,Borges Extra Virgin Olive Oil Plastic Bottle,1 L,649,https://rukminim1.flixcart.com/image/280/280/j4yhg280/edible-oil/r/e/e/1-extra-virgin-plastic-bottle-olive-oil-borges-original-imaevq3kv88ptw8t.jpeg?q=70
943,Borges,Borges Classic Olive Oil Glass Bottle,1 L,699,https://rukminim1.flixcart.com/image/280/280/j5lchow0/edible-oil/w/n/f/500-pure-glass-bottle-olive-oil-borges-original-imaew87ffaskm5gc.jpeg?q=70
943,Del Monte,Del Monte Extra Virgin Olive Oil Plastic Bottle,1 L,742,https://rukminim1.flixcart.com/image/280/280/j3vwk280/edible-oil/9/2/z/1-ev-olive-oil-pet-plastic-bottle-olive-oil-del-monte-original-imaeuwv5cexjfach.jpeg?q=70
943,Del Monte,Del Monte Classic Olive Oil Plastic Bottle,1 L,628,https://rukminim1.flixcart.com/image/280/280/j3vwk280/edible-oil/p/n/h/1-pure-classic-olive-oil-pet-plastic-bottle-olive-oil-del-monte-original-imaeuw8agzcfywfd.jpeg?q=70
943,Del Monte,Del Monte Extra Light Olive Oil Plastic Bottle,1 L,669,https://rukminim1.flixcart.com/image/280/280/j3vwk280/edible-oil/w/8/y/1-light-olive-oil-pet-plastic-bottle-olive-oil-del-monte-original-imaeuwv2jp8ec9zw.jpeg?q=70
943,Del Monte,Del Monte Pomace Olive Oil Plastic Bottle,1 L,405,//img1a.flixcart.com/www/linchpin/fk-cp-zion/img/placeholder_9951d0.svg
943,DHARA,DHARA Kachi Ghani Mustard Oil Mustard Oil Tetrapack,1 L,145,https://rukminim1.flixcart.com/image/280/280/ja48osw0/edible-oil/x/p/r/1-kachi-ghani-tetrapack-mustard-oil-dhara-original-imaezrn54zjssarz.jpeg?q=70
943,Dhara,Dhara Filtered Groundnut Oil Pouch,1 L,165,https://rukminim1.flixcart.com/image/280/280/jb3yp3k0/edible-oil/7/9/x/1-flitered-pouch-groundnut-oil-dhara-original-imafyj9kjwfzdnfg.jpeg?q=70
943,Dhara,Dhara Refined Sunflower Oil Pouch,1 L,107,https://rukminim1.flixcart.com/image/280/280/jylvde80/edible-oil/6/3/a/1-refined-pouch-sunflower-oil-dhara-original-imafgqqjujj3bztw.jpeg?q=70
943,Dhara,Dhara Refined Rice Bran Oil Pouch,1 L,127,https://rukminim1.flixcart.com/image/280/280/jjx6g7k0/edible-oil/2/q/6/1-refined-pouch-rice-bran-oil-dhara-original-imaf7dry2gfuzag8.jpeg?q=70
943,Dhara,Dhara Kachi Ghani Mustard Oil Plastic Bottle,500 ml,61,//img1a.flixcart.com/www/linchpin/fk-cp-zion/img/placeholder_9951d0.svg
943,Disano,Disano Canola Oil 5L Canola Oil Plastic Bottle,5 L,872,https://rukminim1.flixcart.com/image/280/280/jzeg6fk0/edible-oil/d/w/y/5-canola-oil-5l-plastic-bottle-canola-oil-disano-original-imafjf6gzrjzcez2.jpeg?q=70
943,Disano,Disano Extra Light Olive Oil Plastic Bottle,1 L,565,https://rukminim1.flixcart.com/image/280/280/jzeg6fk0/edible-oil/h/h/w/1-extra-light-plastic-bottle-olive-oil-disano-original-imafjf6hsfjccpnp.jpeg?q=70
943,Disano,Disano Extra Virgin Olive Oil Plastic Bottle,1 L,609,https://rukminim1.flixcart.com/image/280/280/jzeg6fk0/edible-oil/k/p/z/1-plastic-bottle-extra-virgin-olive-oil-disano-original-imafjf6h38h7rpyd.jpeg?q=70
943,Disano,Disano Olive Pomace Oil Plastic Bottle,1 L,355,https://rukminim1.flixcart.com/image/280/280/jzeg6fk0/edible-oil/c/g/t/1-plastic-bottle-olive-pomace-oil-disano-original-imafjf6huv6nenrt.jpeg?q=70
943,Disano,Disano Olive Oil Plastic Bottle,1 L,584,https://rukminim1.flixcart.com/image/280/280/jzeg6fk0/edible-oil/u/v/r/1-na-plastic-bottle-olive-oil-disano-original-imafjf6gn4hzncdp.jpeg?q=70
943,Emami,Emami Healthy & Tasty Kachchi Ghani Mustard Oil Plastic Bottle,1 L,112,https://rukminim1.flixcart.com/image/280/280/ja8j0cw0/edible-oil/s/n/b/1-healthy-tasty-kachchi-ghani-plastic-bottle-mustard-oil-emami-original-imaezvy335rjhfgg.jpeg?q=70
943,Emami,Emami Healthy and Tasty Refined Soyabean Oil Pouch,1 L,101,https://rukminim1.flixcart.com/image/280/280/jsaocy80/edible-oil/f/k/w/1-healthy-and-tasty-refined-pouch-soyabean-oil-emami-original-imafdwu6vhuyveyu.jpeg?q=70
943,Emami,Emami Healthy and Tasty Kachchi Ghani Mustard Oil Can,5 L,585,https://rukminim1.flixcart.com/image/280/280/jraycnk0/edible-oil/s/r/f/5-healthy-and-tasty-kachhi-ghani-can-mustard-oil-emami-original-imafd52qqsefg7dk.jpeg?q=70
943,Emami,Emami Healthy & Tasty Refined Sunflower Oil Pouch,1 L,109,https://rukminim1.flixcart.com/image/280/280/jjx6g7k0/edible-oil/z/c/p/1-healthy-tasty-refined-pouch-sunflower-oil-emami-original-imaf7dryazqsqjmf.jpeg?q=70
943,Emami,Emami Healthy & Tasty Refined Rice Bran Oil Pouch,1 L,115,https://rukminim1.flixcart.com/image/280/280/j98t0280/edible-oil/a/h/u/1-healthy-tasty-refined-pouch-rice-bran-oil-emami-original-imaez2wzhzuzcuyv.jpeg?q=70
943,Figaro,Figaro Olive Oil Tin,1 L,800,https://rukminim1.flixcart.com/image/280/280/k3xcdjk0/edible-oil/3/y/m/1-na-tin-olive-oil-figaro-original-imafmxu4e7szthfb.jpeg?q=70
943,Figaro,Figaro Extra Virgin Olive Oil Plastic Bottle,1 L,709,https://rukminim1.flixcart.com/image/280/280/k3xcdjk0/edible-oil/2/g/a/1-extra-virgin-plastic-bottle-olive-oil-figaro-original-imafmxu4yxvfhzhv.jpeg?q=70
943,Fortune,Fortune Sunlite Refined Sunflower Oil Pouch,1 L,107,https://rukminim1.flixcart.com/image/280/280/k7usyvk0/edible-oil/e/t/c/1-sunlite-refined-pouch-sunflower-oil-fortune-original-imafpzwhyyhhvzbk.jpeg?q=70
943,Fortune,Fortune Refined Soyabean Oil Pouch,1 L,108,https://rukminim1.flixcart.com/image/280/280/k7usyvk0/edible-oil/z/v/t/1-refined-pouch-soyabean-oil-fortune-original-imafpzwh4nghmzxq.jpeg?q=70
943,Fortune,Fortune Kachi Ghani Mustard Oil Plastic Bottle,1 L,127,https://rukminim1.flixcart.com/image/280/280/k7usyvk0/edible-oil/v/b/5/1-kachi-ghani-plastic-bottle-mustard-oil-fortune-original-imafpzwhbk5vhjzp.jpeg?q=70
943,Fortune,Fortune Rice Bran Oil Pouch,1 L,114,https://rukminim1.flixcart.com/image/280/280/k7tdj0w0/edible-oil/y/b/x/1-na-pouch-rice-bran-oil-fortune-original-imafpyzz76ycdghn.jpeg?q=70
943,Fortune,Fortune Vivo Pro Sugar Conscious Blended Oil Pouch,1 L,141,https://rukminim1.flixcart.com/image/280/280/k7tdj0w0/edible-oil/b/z/g/1-vivo-pouch-blended-oil-fortune-original-imafpyzzaxuxhesy.jpeg?q=70
943,Freedom,Freedom Refined Sunflower Oil Pouch,1 L,102,https://rukminim1.flixcart.com/image/280/280/jay8xow0/edible-oil/y/u/h/1-refined-pouch-sunflower-oil-freedom-original-imafyeycdfnbn2ag.jpeg?q=70
943,Freedom,Freedom Physically Refined Rice Bran Oil Pouch,1 L,107,https://rukminim1.flixcart.com/image/280/280/jfk00i80/edible-oil/f/t/b/1-physically-refined-pouch-rice-bran-oil-freedom-original-imaf4y2anp7hn8sz.jpeg?q=70
943,Gemini,Gemini Refined Sunflower Oil Pouch,1 L,113,https://rukminim1.flixcart.com/image/280/280/ka2tmkw0/edible-oil/j/s/m/1-refined-pouch-sunflower-oil-gemini-original-imafrq4ygcpsvhna.jpeg?q=70
943,Gemini,Gemini Refined Soyabean Oil Pouch,1 L,104,https://rukminim1.flixcart.com/image/280/280/ka2tmkw0/edible-oil/2/k/n/1-refined-pouch-soyabean-oil-gemini-original-imafrq4fnvx6wp4x.jpeg?q=70
943,Gemini,Gemini Physically Refined Rice Bran Oil Plastic Bottle,1 L,135,https://rukminim1.flixcart.com/image/280/280/ka2tmkw0/edible-oil/s/b/v/1-physically-refined-plastic-bottle-rice-bran-oil-gemini-original-imafrq4fmanzbhgj.jpeg?q=70
943,Gold Winner,Gold Winner Refined Sunflower Oil Pouch,1 L,109,https://rukminim1.flixcart.com/image/280/280/j4hc5u80/edible-oil/k/g/k/1-refined-pouch-sunflower-oil-gold-winner-original-imaevduqwdzrkzvp.jpeg?q=70
943,GRB,GRB Cow Ghee 1 L Pouch,1 L Pouch,587,https://rukminim1.flixcart.com/image/280/280/j4hc5u80/ghee/h/n/v/1000-ghee-pouch-grb-original-imaevdp7fzeh32cp.jpeg?q=70
943,GRB,GRB Buffalo Ghee 1 L Plastic Bottle,1 L Plastic Bottle,646,https://rukminim1.flixcart.com/image/280/280/jk01bww0/ghee/u/v/z/1-buffalo-ghee-plastic-bottle-grb-original-imaf7gbcqphgekc4.jpeg?q=70
943,Heinz,Heinz Sampriti Ghee 1 L Tetrapack,1 L Tetrapack,463,https://rukminim1.flixcart.com/image/280/280/k6jnfrk0/ghee/m/r/m/1-ghee-tetrapack-sampriti-original-imafzzgyhjzmwfj6.jpeg?q=70
943,Idhayam,Idhayam Sesame Oil Pouch,1 L,330,https://rukminim1.flixcart.com/image/280/280/j4hc5u80/edible-oil/d/k/v/1-gingili-pouch-sesame-oil-idhayam-original-imaevdnbdumt7nca.jpeg?q=70
943,Jersey,Jersey Buffalo Ghee 1 L Pouch,1 L Pouch,548,https://rukminim1.flixcart.com/image/280/280/k2m6ufk0/ghee/4/w/n/1-buffalo-pouch-jersey-original-imafhx73cgvpjgju.jpeg?q=70
943,Jersey,Jersey Cow Ghee 1 L Pouch,1 L Pouch,575,https://rukminim1.flixcart.com/image/280/280/k2m6ufk0/ghee/6/j/q/1-cow-pouch-jersey-original-imafhx72thxyrbgh.jpeg?q=70
943,Jivo,Jivo Olive Oil Plastic Bottle,"Combo Pack 1 + 1 Free, 1 L each",677,https://rukminim1.flixcart.com/image/280/280/k23m4cw0/edible-oil/c/4/z/2-na-plastic-bottle-olive-oil-jivo-original-imafhjfzhjxghpwf.jpeg?q=70
943,Jivo,Jivo Canola Oil Plastic Bottle,1L Jivo Olive Oil Free,1109,https://rukminim1.flixcart.com/image/280/280/jzu60sw0/edible-oil/g/r/u/5-na-plastic-bottle-canola-oil-jivo-original-imafjpb9phzcxv7g.jpeg?q=70
943,KLF Coconad,KLF Coconad Coconut Oil Pouch,1 L,315,https://rukminim1.flixcart.com/image/280/280/jdoubgw0/edible-oil/p/f/j/1-coconut-oil-pouch-coconut-oil-klf-original-imaf2jf2gtkputng.jpeg?q=70
943,KLF Nirmal,KLF Nirmal Virgin Coconut Oil Glass Bottle,500 ml,314,https://rukminim1.flixcart.com/image/280/280/juvjzbk0/edible-oil/w/f/f/500-nirmal-virgin-glass-bottle-coconut-oil-klf-original-imaffx2sz4hyasya.jpeg?q=70
943,KLF Tilnad,KLF Tilnad Sesame Oil Plastic Bottle,1 L,299,https://rukminim1.flixcart.com/image/280/280/jvo4scw0/edible-oil/9/d/f/1-na-plastic-bottle-sesame-oil-tilnad-original-imafggzze3bhwzha.jpeg?q=70
943,Leonardo,Leonardo Extra Virgin Olive Oil Plastic Bottle,1 L,767,https://rukminim1.flixcart.com/image/280/280/ka2tmkw0/edible-oil/t/k/7/1-extra-virgin-plastic-bottle-olive-oil-leonardo-original-imafrq4fmsgzzukc.jpeg?q=70
943,Leonardo,Leonardo Extra Light Olive Oil Plastic Bottle,1 L,725,https://rukminim1.flixcart.com/image/280/280/ka2tmkw0/edible-oil/e/e/f/1-extra-light-plastic-bottle-olive-oil-leonardo-original-imafrq4ya2ftqzf9.jpeg?q=70
943,Leonardo,Leonardo Extra Light Refined Olive Oil Plastic Bottle,2 L,1348,https://rukminim1.flixcart.com/image/280/280/j84so7k0/edible-oil/b/k/8/2-extra-light-refined-can-olive-oil-leonardo-original-imaey8y4tgztpffk.jpeg?q=70
943,Leonardo,Leonardo Pomace Olive Oil Plastic Bottle,1 L,441,//img1a.flixcart.com/www/linchpin/fk-cp-zion/img/placeholder_9951d0.svg
943,Mother Dairy,Mother Dairy Pure Healthy Cow Ghee 1 L Pouch,1 L Pouch,487,https://rukminim1.flixcart.com/image/280/280/js23pu80/ghee/e/z/n/1-pure-healthy-cow-pouch-mother-dairy-original-imafdpkh8akhfwqh.jpeg?q=70
943,Mother Dairy,Mother Dairy Ghee 1 L Tetrapack,1 L Tetrapack,515,https://rukminim1.flixcart.com/image/280/280/jpvihzk0/ghee/p/u/3/1-na-tetrapack-mother-dairy-original-imafcyfuypzsyrgf.jpeg?q=70
943,Nandini,Nandini Pure Cow Ghee 1 L Pouch,1 L Pouch,485,https://rukminim1.flixcart.com/image/280/280/joonafk0/ghee/f/e/n/1-pure-pouch-nandini-original-imafb3cwy6b5yjyg.jpeg?q=70
943,Nature Fresh,Nature Fresh Acti-lite Refined Sunflower Oil Pouch,1 L,111,https://rukminim1.flixcart.com/image/280/280/ka2tmkw0/edible-oil/g/z/k/1-acti-lite-refined-pouch-sunflower-oil-nature-fresh-original-imafrq4ymk5ftqaa.jpeg?q=70
943,Nature Fresh,Nature Fresh Acti Heart Blended Oil Plastic Bottle,1 L,173,https://rukminim1.flixcart.com/image/280/280/ka2tmkw0/edible-oil/d/2/d/1-acti-heart-plastic-bottle-blended-oil-nature-fresh-original-imafrq4fthmjjher.jpeg?q=70
943,Oleev,Oleev Imported Pomace Olive Oil Plastic Bottle,1 L,279,https://rukminim1.flixcart.com/image/280/280/k7ksvww0/edible-oil/z/z/t/1-imported-pomace-plastic-bottle-olive-oil-oleev-original-imafps8fcmgckmha.jpeg?q=70
943,Oleev,Oleev Active Blended Oil Pouch,1 L,185,https://rukminim1.flixcart.com/image/280/280/k7ksvww0/edible-oil/5/y/p/1-active-pouch-blended-oil-oleev-original-imafps8fa29nqxeh.jpeg?q=70
943,Oleev,Oleev Smart Blended Oil Pouch,1 L,135,https://rukminim1.flixcart.com/image/280/280/k7ksvww0/edible-oil/6/h/g/1-smart-pouch-blended-oil-oleev-original-imafps82ajvnxr3p.jpeg?q=70
943,Oleev,Oleev Health Blended Oil Pouch,1 L,149,https://rukminim1.flixcart.com/image/280/280/k7ksvww0/edible-oil/a/x/p/1-health-pouch-blended-oil-oleev-original-imafps82dhenmedt.jpeg?q=70
943,Oleev,Oleev Extra Virgin Olive Oil Plastic Bottle,1 L,639,https://rukminim1.flixcart.com/image/280/280/k7ksvww0/edible-oil/h/9/8/1-extra-virgin-plastic-bottle-olive-oil-oleev-original-imafps8frqzq5dfa.jpeg?q=70
943,Oleev,Oleev Extra Light Olive Oil Plastic Bottle,1 L,645,https://rukminim1.flixcart.com/image/280/280/k7ksvww0/edible-oil/h/g/q/1-extra-light-plastic-bottle-olive-oil-oleev-original-imafps8fanwpcsn9.jpeg?q=70
943,Palmpure,Palmpure Palm Oil Pouch,1 L,82,https://rukminim1.flixcart.com/image/280/280/j4hc5u80/edible-oil/y/k/c/1-na-pouch-palm-oil-palmpure-original-imaevdn7gvcmdb4y.jpeg?q=70
943,Patanjali,Patanjali Cow's Ghee 1 L Box,1 L Box,565,https://rukminim1.flixcart.com/image/280/280/k8xduvk0/ghee/9/d/x/1-cow-s-box-patanjali-original-imafqtrbya9z9bmz.jpeg?q=70
943,Patanjali,Patanjali Kachi Ghani Mustard Oil Plastic Bottle,1 L,130,https://rukminim1.flixcart.com/image/280/280/jay8xow0/edible-oil/e/p/z/1-kachi-ghani-plastic-bottle-mustard-oil-patanjali-original-imafyeycwyfupgar.jpeg?q=70
943,Patanjali,Patanjali Rice Bran Oil Plastic Bottle,1 L,130,https://rukminim1.flixcart.com/image/280/280/j8ndea80/edible-oil/g/x/r/1-rice-bran-oil-plastic-bottle-rice-bran-oil-patanjali-original-imaeymh3bzurehvs.jpeg?q=70
943,Pure Nut,Pure Nut Filtered Groundnut Oil Pouch,1 L,132,https://rukminim1.flixcart.com/image/280/280/jdq9rbk0/edible-oil/5/h/m/1-filtered-pouch-groundnut-oil-purenut-original-imaf2gu7bbykfwha.jpeg?q=70
943,Ruchi Gold,Ruchi Gold Palm Oil Pouch,1 L,85,https://rukminim1.flixcart.com/image/280/280/ja2t8y80/edible-oil/e/b/6/500-vanaspati-pouch-vegetable-oil-ruchi-no-1-original-imaezqrssjmrfr2n.jpeg?q=70
943,Safal,Safal Filtered Groundnut Oil Pouch,1 L,173,https://rukminim1.flixcart.com/image/280/280/jjhglu80/edible-oil/6/3/h/1-filtered-pouch-groundnut-oil-safal-original-imaf7fugtmfwnggs.jpeg?q=70
943,Sundrop,Sundrop Superlite Advanced Sunflower Oil Pouch,1 L,193,https://rukminim1.flixcart.com/image/280/280/jk76j680/edible-oil/g/4/z/1-superlite-advanced-pouch-sunflower-oil-sundrop-original-imaf7hvfphfwmxtn.jpeg?q=70
943,Sundrop,Sundrop Nutrifit Blended Oil Plastic Bottle,Buy 2 or more units save 6%,118,https://rukminim1.flixcart.com/image/280/280/k572gsw0/edible-oil/p/y/6/1-nutrifit-plastic-bottle-blended-oil-sundrop-original-imafnxphhhcthg56.jpeg?q=70
943,Sundrop,Sundrop Lite Refined Blended Oil Can,5 L,619,https://rukminim1.flixcart.com/image/280/280/j63x7rk0/edible-oil/m/z/c/5-lite-refined-can-blended-oil-sundrop-original-imaewndyms7c3wsh.jpeg?q=70
943,Sundrop,Sundrop Heart Blended Oil Plastic Bottle,1 L,213,https://rukminim1.flixcart.com/image/280/280/k6i7zww0/edible-oil/f/e/g/1-heart-plastic-bottle-blended-oil-sundrop-original-imafzyftswvzpnnz.jpeg?q=70
943,Sundrop,Sundrop Superlite Advanced Blended Oil Can,5 L,986,https://rukminim1.flixcart.com/image/280/280/jnamvm80/edible-oil/a/h/d/5-superlite-advanced-can-blended-oil-sundrop-original-imafay7afgm6bgug.jpeg?q=70
943,Sundrop,Sundrop Goldlite Blended Oil Can,Sipper Free,711,https://rukminim1.flixcart.com/image/280/280/k6pd7680/edible-oil/b/q/h/5-goldlite-refined-can-blended-oil-sundrop-original-imafp3y9ctnjdghn.jpeg?q=70
943,Sundrop,Sundrop Goldlite Refined Blended Oil Pouch,1 L,138,https://rukminim1.flixcart.com/image/280/280/j63x7rk0/edible-oil/6/z/2/1-goldlite-refined-pouch-blended-oil-sundrop-original-imaewndvyuv2d9z5.jpeg?q=70
943,Sundrop,Sundrop Lite Blended Oil Plastic Bottle,1 L,123,https://rukminim1.flixcart.com/image/280/280/jvy4vbk0/edible-oil/y/j/k/1-lite-plastic-bottle-blended-oil-sundrop-original-imafgqxh894rbmyy.jpeg?q=70
943,Sundrop,Sundrop Nutrilite Blended Oil Can,5 L,711,https://rukminim1.flixcart.com/image/280/280/k6i7zww0/edible-oil/d/u/f/5-nutrilite-refined-can-blended-oil-sundrop-original-imafzyfsngy7pumf.jpeg?q=70
943,Sundrop,Sundrop Nutrilite Refined Blended Oil Pouch,1 L,133,https://rukminim1.flixcart.com/image/280/280/k6jnfrk0/edible-oil/w/a/b/1-nutrilite-refined-pouch-blended-oil-sundrop-original-imafzz64fcge9dyg.jpeg?q=70
943,Sunpure,Sunpure Sunflower Oil Pouch,1 L,106,https://rukminim1.flixcart.com/image/280/280/j4hc5u80/edible-oil/h/c/7/1-na-pouch-sunflower-oil-sunpure-original-imaevdncbtcvvvgr.jpeg?q=70
943,Sunpure,Sunpure Rice Bran Oil Pouch,1 L,106,https://rukminim1.flixcart.com/image/280/280/j4hc5u80/edible-oil/8/h/2/1-na-pouch-rice-bran-oil-sunpure-original-imaevdn8bmswx5jt.jpeg?q=70
943,Sunrich,Sunrich Refined Sunflower Oil Pouch,1 L,107,https://rukminim1.flixcart.com/image/280/280/j9rdq4w0/edible-oil/j/4/z/1-refined-pouch-sunflower-oil-sunrich-original-imaezgzzqcda2gtq.jpeg?q=70
943,Thirumala,Thirumala Cow Ghee 1 L Pouch,1 L Pouch,562,https://rukminim1.flixcart.com/image/280/280/jr6o13k0/ghee/e/u/y/1-cow-pouch-thirumala-original-imafdfhzfycga9sz.jpeg?q=70
