1720,Del Monte,Del Monte Tomato Original Blend Ketchup,800 g Pouch,69,https://rukminim1.flixcart.com/image/280/280/k0tw13k0/sauce-ketchup/t/v/z/800-original-blend-tomato-pouch-ketchup-del-monte-original-imafkh2zaepptdgr.jpeg?q=70
1720,Disano,Disano Unsweetened Peanut Butter Creamy 1 kg,1 kg,306,https://rukminim1.flixcart.com/image/280/280/jzeg6fk0/jam-spread/w/n/y/1-unsweetened-peanut-butter-creamy-plastic-bottle-nut-butter-original-imafjf6jnzygz3rx.jpeg?q=70
1720,Disano,Disano Unsweetened Peanut Butter Crunchy 1 kg,1 kg,306,https://rukminim1.flixcart.com/image/280/280/jzeg6fk0/jam-spread/f/b/d/1-unsweetened-peanut-butter-crunchy-plastic-bottle-nut-butter-original-imafjf6jgycwvanw.jpeg?q=70
1720,Disano,Disano Peanut Butter Crunchy 1 kg,1 kg,282,https://rukminim1.flixcart.com/image/280/280/jzeg6fk0/jam-spread/g/g/h/1-peanut-butter-crunchy-plastic-bottle-nut-butter-disano-original-imafjf6gt5bubact.jpeg?q=70
1720,Disano,Disano Peanut Butter Creamy 1 kg,1 kg,273,//img1a.flixcart.com/www/linchpin/fk-cp-zion/img/placeholder_9951d0.svg
1720,Fun Foods,Fun Foods Mayonnaise Veg 875 g,875 g,157,https://rukminim1.flixcart.com/image/280/280/jl6wjgw0/jam-spread/x/z/m/875-mayonnaise-veg-pouch-mayonnaise-fun-foods-original-imaf8dctzthc6595.jpeg?q=70
1720,Fun Foods,Fun Foods Sandwich Spread Eggless 300 g,300 g,78,https://rukminim1.flixcart.com/image/280/280/j8lxyfk0/jam-spread/z/u/9/300-sandwich-spread-eggless-plastic-bottle-sandwich-spread-fun-original-imaeyhqgkxckcbau.jpeg?q=70
1720,Fun Foods,Fun Foods Original Veg Mayonnaise 100 g,100 g,35,https://rukminim1.flixcart.com/image/280/280/jiulk7k0/jam-spread/v/s/2/100-original-veg-mayonnaise-pouch-mayonnaise-fun-foods-original-imaf6k2ed2jfbggj.jpeg?q=70
1720,Fun Foods,Fun Foods Garlic Mayonnaise 250 g,250 g,68,//img1a.flixcart.com/www/linchpin/fk-cp-zion/img/placeholder_9951d0.svg
1720,Fun Foods,Fun Foods Sandwich Spread Cheese and Chilli 275 g,275 g,78,https://rukminim1.flixcart.com/image/280/280/j8bxvgw0-1/jam-spread/f/4/8/275-sandwich-spread-cheese-chilli-plastic-bottle-sandwich-spread-original-imaeydnhyfjkxwge.jpeg?q=70
1720,Fun Foods,Fun Foods American Mustard,260 g Squeeze Bottle,68,https://rukminim1.flixcart.com/image/280/280/jfbfde80/sauce-ketchup/k/y/q/260-american-plastic-bottle-sauce-fun-foods-original-imaf3tgyydx5tdge.jpeg?q=70
1720,Fun Foods,Fun Foods Mayonnaise Classic 245 g,245 g,68,https://rukminim1.flixcart.com/image/280/280/j3q6snk0/jam-spread/j/t/k/270-mayo-classic-plastic-bottle-mayonnaise-fun-foods-original-imaeuqjz6dbptbh7.jpeg?q=70
1720,Fun Foods,Fun Foods Pizza Topping Ketchup,100 g Refill,35,https://rukminim1.flixcart.com/image/280/280/jiovssw0/sauce-ketchup/5/x/g/100-pizza-topping-refill-ketchup-fun-foods-original-imaf6fw4exprac7k.jpeg?q=70
1720,Fun Foods,Fun Foods Peanut Butter Crunchy 925 g,925 g,272,https://rukminim1.flixcart.com/image/280/280/jtd98y80/jam-spread/m/j/z/925-peanut-butter-crunchy-plastic-bottle-nut-butter-fun-foods-original-imafeqez3egbtrrz.jpeg?q=70
1720,Fun Foods,Fun Foods Sandwich Spread Thousand Island 300 g,300 g,78,https://rukminim1.flixcart.com/image/280/280/j3q6snk0/jam-spread/y/u/h/300-spread-thousnd-island-plastic-bottle-sandwich-spread-mtr-original-imaeuqjgcpha4ths.jpeg?q=70
1720,Fun Foods,Fun Foods Peanut Butter Creamy 925 g,925 g,264,https://rukminim1.flixcart.com/image/280/280/jtd98y80/jam-spread/n/b/4/925-peanut-butter-creamy-plastic-bottle-nut-butter-fun-foods-original-imafeqf8pr9stwhz.jpeg?q=70
1720,Fun Foods,Fun Foods Burger Mayonnaise 250 g,250 g,68,https://rukminim1.flixcart.com/image/280/280/j3q6snk0/jam-spread/s/s/u/275-mayo-burger-plastic-bottle-mayonnaise-fun-foods-original-imaeuqkfgagfg2sw.jpeg?q=70
1720,Happilo,Happilo Super Crunchy Peanut Butter 350 g,350 g,127,https://rukminim1.flixcart.com/image/280/280/jnkmykw0/jam-spread/h/n/a/350-super-crunchy-peanut-butter-jar-nut-butter-happilo-original-imafa8knxt7pf6x9.jpeg?q=70
1720,Happilo,Happilo Super Creamy Peanut Butter 350 g,350 g,127,https://rukminim1.flixcart.com/image/280/280/jnkmykw0/jam-spread/g/u/t/350-super-creamy-peanut-butter-jar-nut-butter-happilo-original-imafa8knrdpbhrys.jpeg?q=70
1720,Happilo,Happilo Natural Unsweetened Californian Almond Butter 200 g,200 g,319,https://rukminim1.flixcart.com/image/280/280/jnkmykw0/jam-spread/n/q/z/200-all-natural-californian-almond-butter-jar-nut-butter-happilo-original-imafa8kna4efdmeg.jpeg?q=70
1720,Happilo,Happilo Natural Crunchy Unsweetened Peanut Butter 350 g,350 g,143,https://rukminim1.flixcart.com/image/280/280/jnkmykw0/jam-spread/w/6/g/350-all-natural-crunchy-peanut-butter-jar-nut-butter-happilo-original-imafa8knsszhctzh.jpeg?q=70
1720,Happilo,Happilo Natural Creamy Unsweetened Peanut Butter 350 g,350 g,143,https://rukminim1.flixcart.com/image/280/280/jnkmykw0/jam-spread/n/2/p/350-all-natural-creamy-peanut-butter-jar-nut-butter-happilo-original-imafa8knbujyhhju.jpeg?q=70
1720,Happilo,Happilo Crunchy Peanut Choco Spread 350 g,350 g,159,https://rukminim1.flixcart.com/image/280/280/jnkmykw0/jam-spread/b/e/f/350-super-crunchy-chocolate-peanut-butter-jar-nut-butter-happilo-original-imafa8knqqpckykr.jpeg?q=70
1720,nutella,nutella Hazelnut Spread with Cocoa 290 g,290 g,304,https://rukminim1.flixcart.com/image/280/280/j4x207k0/jam-spread/y/s/t/290-nutella-plastic-bottle-chocolate-spread-ferrero-original-imaevqfmyn5bgyhz.jpeg?q=70
1720,Pillsbury,Pillsbury Milk Choco Spread 290 g,290 g,200,https://rukminim1.flixcart.com/image/280/280/j9u8lu80/jam-spread/r/m/x/160-milk-choco-spread-plastic-bottle-chocolate-spread-pillsbury-original-imaezhqctg46u72e.jpeg?q=70
1720,Pintola,Pintola All Natural Peanut Butter (Crunchy) 350 g,350 g,163,https://rukminim1.flixcart.com/image/280/280/k6b2snk0/jam-spread/8/y/h/350-all-natural-peanut-butter-crunchy-plastic-bottle-nut-butter-original-imafzsw3y6wecxee.jpeg?q=70
1720,Pintola,Pintola All Natural Export Quality Peanut Butter (Crunchy) 1 kg,1 kg,401,https://rukminim1.flixcart.com/image/280/280/k69ncsw0/jam-spread/c/t/b/1-all-natural-export-quality-peanut-butter-crunchy-plastic-original-imafzrpayf8vg5pc.jpeg?q=70
1720,Pintola,Pintola Classic Peanut Butter (Creamy) 1 kg,1 kg,347,https://rukminim1.flixcart.com/image/280/280/k79dd3k0/jam-spread/u/v/c/1-classic-peanut-butter-creamy-plastic-bottle-nut-butter-pintola-original-imafpjfk45thqsur.jpeg?q=70
1720,Pintola,Pintola All Natural Unsweetened Peanut Butter (Creamy) 350 g,350 g,163,https://rukminim1.flixcart.com/image/280/280/k69ncsw0/jam-spread/x/h/c/350-all-natural-unsweetened-peanut-butter-creamy-plastic-bottle-original-imafzrpaedg5szuf.jpeg?q=70
1720,Pintola,Pintola Organic Peanut Butter (Creamy) 1 kg,1 kg,497,https://rukminim1.flixcart.com/image/280/280/k7c88sw0/jam-spread/k/w/j/1-organic-peanut-butter-creamy-plastic-bottle-nut-butter-pintola-original-imafphkyfzdh6etf.jpeg?q=70
1720,Pintola,Pintola All Natural Honey Peanut Butter (Creamy) 1 kg,1 kg,447,https://rukminim1.flixcart.com/image/280/280/k6pd7680/jam-spread/p/g/j/1-all-natural-honey-peanut-butter-creamy-plastic-bottle-nut-original-imafp3zhfxcrkcnr.jpeg?q=70
1720,Pintola,Pintola All Natural Almond Butter (Crunchy) 350 g,350 g,646,https://rukminim1.flixcart.com/image/280/280/k7assy80/jam-spread/h/b/c/350-all-natural-almond-butter-crunchy-plastic-bottle-nut-butter-original-imafpkf9z5qczgjd.jpeg?q=70
1720,Pintola,Pintola All Natural Almond Butter Creamy (Unsweetened) 350 g,350 g,646,https://rukminim1.flixcart.com/image/280/280/k7assy80/jam-spread/c/x/d/350-all-natural-almond-butter-creamy-unsweetened-plastic-bottle-original-imafpkf9hafyrdgz.jpeg?q=70
1720,Sundrop,Sundrop Peanut Butter 100% Natural Creamy 924 g,924 g,199,https://rukminim1.flixcart.com/image/280/280/k9d3p8w0/jam-spread/k/v/a/924-peanut-butter-100-natural-creamy-plastic-bottle-nut-butter-original-imafr6cjsdzybkyw.jpeg?q=70
1720,Sundrop,Sundrop Peanut Butter 100% Natural Crunchy 924 g,924 g,199,https://rukminim1.flixcart.com/image/280/280/k9d3p8w0/jam-spread/5/j/s/924-peanut-butter-100-natural-crunchy-plastic-bottle-nut-butter-original-imafr6cjtpd5jfr8.jpeg?q=70
1720,Sundrop,Sundrop Honey Roast Creamy Peanut Spread 200 g,200 g,99,https://rukminim1.flixcart.com/image/280/280/jza5uvk0/jam-spread/a/g/g/200-peanut-spread-honey-roast-creamy-plastic-bottle-nut-butter-original-imafjcytfcywj4dh.jpeg?q=70
1720,Sundrop,Sundrop Peanut Butter Crunchy 924 g,924 g,283,https://rukminim1.flixcart.com/image/280/280/k4n2avk0/jam-spread/z/b/v/924-peanut-butter-crunchy-plastic-bottle-nut-butter-sundrop-original-imafng8tpznnkhwq.jpeg?q=70
1720,Sundrop,Sundrop Honey Roast Crunchy Peanut Spread 200 g,200 g,57,https://rukminim1.flixcart.com/image/280/280/jzhb24w0/jam-spread/g/a/h/200-peanut-spread-honey-roast-crunchy-plastic-bottle-nut-butter-original-imafjhpshgpyvzgc.jpeg?q=70
1720,Sundrop,Sundrop Crunchy Peanut Butter 100 g,100 g,50,https://rukminim1.flixcart.com/image/280/280/k3yrte80/jam-spread/h/n/z/100-peanut-butter-regular-crunchy-plastic-bottle-nut-butter-original-imafmz6zfeykkhrn.jpeg?q=70
1720,Sundrop,Sundrop Creamy Peanut Butter 100 g,100 g,50,https://rukminim1.flixcart.com/image/280/280/k3yrte80/jam-spread/n/r/y/100-peanut-butter-creamy-plastic-bottle-nut-butter-sundrop-original-imafmz6z3agtyvhr.jpeg?q=70
1720,Sundrop,Sundrop Peanut Butter - Creamy 924 g,924 g,283,https://rukminim1.flixcart.com/image/280/280/j3rm8i80/jam-spread/y/6/a/924-peanut-butter-creamy-plastic-bottle-sundrop-original-imaeusvh5xhxtq8u.jpeg?q=70
1720,Sundrop,Sundrop Peanut Spread Honey Roast Crunchy 462 g,462 g,213,https://rukminim1.flixcart.com/image/280/280/k5vcya80/jam-spread/c/n/3/462-peanut-spread-honey-roast-crunchy-plastic-bottle-nut-butter-original-imafzg9uyn3ewn4s.jpeg?q=70
1720,Sundrop,Sundrop Peanut Spread Honey Roast Creamy 462 g,462 g,213,https://rukminim1.flixcart.com/image/280/280/k5vcya80/jam-spread/e/j/x/462-peanut-spread-honey-roast-creamy-plastic-bottle-nut-butter-original-imafzg9udyf2usfm.jpeg?q=70
1720,VEEBA,VEEBA Thousand Island Dressing Sauce,300 g Plastic Bottle,122,https://rukminim1.flixcart.com/image/280/280/k02qnww0/sauce-ketchup/s/h/x/300-thousand-island-dressing-plastic-bottle-sauce-veeba-original-imafjygyxkkr5sn9.jpeg?q=70
1720,VEEBA,VEEBA Honey Mustard Dressing Sauce,300 g Plastic Bottle,141,https://rukminim1.flixcart.com/image/280/280/k02qnww0/sauce-ketchup/h/q/7/300-honey-mustard-dressing-plastic-bottle-sauce-veeba-original-imafjygydhcvtygd.jpeg?q=70
1720,VEEBA,VEEBA Peanut Butter Crunchy 340 g,340 g,146,https://rukminim1.flixcart.com/image/280/280/jz30nm80/jam-spread/z/v/u/340-peanut-butter-crunchy-plastic-bottle-nut-butter-veeba-original-imafj68rucnut9am.jpeg?q=70
1720,Veeba,Veeba Eggless Mayonnaise 875 g,875 g,139,https://rukminim1.flixcart.com/image/280/280/k7z3afk0/jam-spread/e/y/e/875-eggless-mayonnaise-pouch-mayonnaise-veeba-original-imafq3avpd6smnhg.jpeg?q=70
1720,Veeba,Veeba Garlic Chilli Spread Dip,335 g Glass Bottle,92,https://rukminim1.flixcart.com/image/280/280/jj8vyq80/sauce-ketchup/r/c/s/335-garlic-chilli-spread-glass-bottle-dip-veeba-original-imaf6vhnxuzcxc4a.jpeg?q=70
1720,Veeba,Veeba Sweet Onion Sauce,350 g Plastic Bottle,122,https://rukminim1.flixcart.com/image/280/280/jj8vyq80/sauce-ketchup/s/8/h/350-sweet-onion-sauce-plastic-bottle-sauce-veeba-original-imaf6vhnhzw72quw.jpeg?q=70
1720,Veeba,Veeba Barbeque Sauce,330 g Plastic Bottle,122,https://rukminim1.flixcart.com/image/280/280/jxkpx8w0/sauce-ketchup/m/f/r/330-barbeque-plastic-bottle-sauce-veeba-original-imafgya7957hjevg.jpeg?q=70
1720,Veeba,Veeba Peri Peri Sauce,300 g Plastic Bottle,141,https://rukminim1.flixcart.com/image/280/280/jk8lz0w0/sauce-ketchup/n/z/m/300-peri-peri-plastic-bottle-sauce-veeba-original-imaf7ms8gbwpugxp.jpeg?q=70
1720,Veeba,Veeba Sweet Chilli Sauce,350 g Plastic Bottle,103,https://rukminim1.flixcart.com/image/280/280/jxkpx8w0/sauce-ketchup/e/t/9/350-sweet-chilli-plastic-bottle-sauce-veeba-original-imafgya6uezhzdgr.jpeg?q=70
1720,Veeba,Veeba Vinaigrette Salad Sauce,320 g Plastic Bottle,103,https://rukminim1.flixcart.com/image/280/280/jxkpx8w0/sauce-ketchup/r/r/n/320-vinaigrette-salad-plastic-bottle-sauce-veeba-original-imafgya6f7fdpkwx.jpeg?q=70
