314,3 Roses,3 Roses Tea Box,500 g Box,300,https://rukminim1.flixcart.com/image/280/280/j4sronk0/tea/j/r/k/500-dust-tea-regular-tea-3-roses-powder-original-imaeurnwerhu2kvd.jpeg?q=70
314,3 Roses,"3 Roses Natural Care Tulsi, Ginger, Cardamom Tea Box",250 g Box,170,https://rukminim1.flixcart.com/image/280/280/j3q6snk0/tea/q/m/q/250-natural-care-tea-herbal-infusion-powder-3-roses-original-imaeurz2rumszxwx.jpeg?q=70
314,3 Roses,3 Roses Topstar Tea Box,500 g Box,300,https://rukminim1.flixcart.com/image/280/280/jjhglu80/tea/h/b/q/500-topstar-regular-tea-leaves-3-roses-original-imaf7235zurqyqhf.jpeg?q=70
314,Nestea,Nestea Lemon Iced Tea Tetrapack,1000 ml Tetrapack,115,https://rukminim1.flixcart.com/image/280/280/k4lmv0w0/tea/f/g/q/1-na-iced-tea-nestea-liquid-original-imafngn6qf5h2mka.jpeg?q=70
314,Organic India,Organic India Tulsi Green Tea Tin,100 g Tin,227,https://rukminim1.flixcart.com/image/280/280/j8osu4w0/tea/q/w/y/100-tulsi-green-green-tea-powder-organic-india-original-imaeymwhvcbmdex2.jpeg?q=70
314,Organic India,"Organic India Ginger, Tulsi Tea Bags Box",25 Bags Box,146,https://rukminim1.flixcart.com/image/280/280/j8osu4w0/tea/j/k/f/25-tulsi-ginger-regular-tea-tea-bag-organic-india-original-imaeynavuetvd4vn.jpeg?q=70
314,Organic India,Organic India Original Tulsi Tea Drum,100 g Drum,188,https://rukminim1.flixcart.com/image/280/280/j8osu4w0/tea/s/h/6/100-tulsi-original-regular-tea-powder-organic-india-original-imaeymwkjzs7gxrd.jpeg?q=70
314,Organic India,"Organic India Ginger, Tulsi Tea Tin",100 g Tin,188,//img1a.flixcart.com/www/linchpin/fk-cp-zion/img/placeholder_9951d0.svg
314,Organic India,Organic India Masala Tulsi Masala Tea Tin,100 g Tin,227,https://rukminim1.flixcart.com/image/280/280/j8osu4w0/tea/v/x/h/100-tulsi-masala-chai-regular-tea-powder-organic-india-original-imaeymwqqg4jgtrb.jpeg?q=70
314,Red Label,Red Label Tea Pouch,1 kg Pouch,419,https://rukminim1.flixcart.com/image/280/280/jr58l8w0/tea/4/t/h/1-na-regular-tea-leaves-red-label-original-imafdyyxhztgeaqh.jpeg?q=70
314,Red Label,"Red Label Natural Care Cardamom, Ginger, Liquorice, Tulsi Tea Pouch",1 kg Pouch,470,https://rukminim1.flixcart.com/image/280/280/j3orcsw0/tea/a/x/f/1-natural-care-tea-herbal-infusion-powder-red-label-original-imaeurfe7ngtsgwh.jpeg?q=70
314,Saffola,Saffola Fittify Gourmet Superfood Moringa Honey Lemon Green Tea Box,37.5 g Box,217,https://rukminim1.flixcart.com/image/280/280/jph83gw0/tea/r/k/y/37-5-superfood-moringa-green-tea-honey-lemon-15-sachets-green-original-imafbpy7zqghzqkz.jpeg?q=70
314,Saffola,Saffola Fittify Gourmet Royal Kahwa Green Tea Box,37.5 g Box,217,https://rukminim1.flixcart.com/image/280/280/jph83gw0/tea/r/k/f/37-5-superfood-moringa-green-tea-royal-kahwa-15-sachets-green-original-imafbpy7nrpqw4zc.jpeg?q=70
314,Saffola,Saffola Fittify Gourmet Assorted Assorted Green Tea Box,25 g Box,198,https://rukminim1.flixcart.com/image/280/280/k1v1h8w0/tea/y/y/g/25-fittify-gourmet-assorted-green-tea-saffola-pyramid-tea-bag-original-imafhc5yvy7d87bf.jpeg?q=70
314,Saffola,Saffola Fittify Gourmet Superfood Moringa Moroccan Mint Green Tea Box,37.5 g Box,217,https://rukminim1.flixcart.com/image/280/280/jph83gw0/tea/2/j/p/37-5-superfood-moringa-green-tea-moroccan-mint-15-sachets-green-original-imafbpy7svhypygf.jpeg?q=70
314,Saffola,Saffola Fittify Gourmet Superfood Moringa Lemongrass Green Tea Box,37.5 g Box,216,https://rukminim1.flixcart.com/image/280/280/jph83gw0/tea/d/2/q/37-5-superfood-moringa-green-tea-lemongrass-15-sachets-green-tea-original-imafbpy7cyx7azgg.jpeg?q=70
314,Saffola,Saffola Fittify Gourmet Classic Green Tea Box,37.5 g Box,217,https://rukminim1.flixcart.com/image/280/280/jph83gw0/tea/p/f/m/37-5-superfood-moringa-green-tea-classic-15-sachets-green-tea-original-imafbpy7hct3sxfr.jpeg?q=70
314,Saffola,Saffola Fittify Gourmet Superfood Moringa Jasmine Green Tea Box,37.5 g Box,217,https://rukminim1.flixcart.com/image/280/280/jph83gw0/tea/a/5/w/37-5-superfood-moringa-green-tea-jasmine-15-sachets-green-tea-original-imafbpy77q8qchr7.jpeg?q=70
314,Society,Society Tea Pouch,1 kg Pouch,438,https://rukminim1.flixcart.com/image/280/280/jwkzwy80/tea/s/z/z/1-na-regular-tea-society-leaves-original-imafh8gbzqu8ytse.jpeg?q=70
314,Society,Society Leaf Tea Tea Pouch,500 g Pouch,227,https://rukminim1.flixcart.com/image/280/280/jyeq64w0/tea/r/f/d/500-leaf-tea-regular-tea-society-powder-original-imafgnvt8m6pfhgk.jpeg?q=70
314,Society,Society Masala Tea Plastic Bottle,250 g Plastic Bottle,138,https://rukminim1.flixcart.com/image/280/280/jw2f6vk0/tea/f/e/9/250-leaf-regular-tea-powder-society-original-imafgtv6tddqgusz.jpeg?q=70
314,Society,Society Iced Apricot Peach Black Tea Pouch,100 g Pouch,30,https://rukminim1.flixcart.com/image/280/280/k3670cw0/tea/z/s/k/100-iced-apricot-black-tea-society-powder-original-imafmcyp9rhaetzg.jpeg?q=70
314,Society,Society Masala Tea Pouch,100 g Pouch,54,https://rukminim1.flixcart.com/image/280/280/jwkzwy80/tea/z/h/g/100-na-masala-tea-society-powder-original-imafh8gbs8xqxbnw.jpeg?q=70
314,Society,Society Jar Tea Plastic Bottle,250 g Plastic Bottle,123,https://rukminim1.flixcart.com/image/280/280/jw2f6vk0/tea/h/v/j/250-leaf-tea-jar-regular-tea-powder-society-original-imafgtv6fhnhagwz.jpeg?q=70
314,Society,Society Lemon Iced Green Tea Pouch,100 g Pouch,30,https://rukminim1.flixcart.com/image/280/280/k3670cw0/tea/q/t/6/100-lemon-iced-green-tea-society-powder-original-imafmcw2z24va6w4.jpeg?q=70
314,Society,Society Tea Plastic Bottle,500 g Plastic Bottle,238,https://rukminim1.flixcart.com/image/280/280/jw2f6vk0/tea/z/s/9/500-leaf-tea-jar-regular-tea-powder-society-original-imafgtv5hfwjhqza.jpeg?q=70
314,Society,Society Premium Tea Pouch,1 kg Pouch,458,https://rukminim1.flixcart.com/image/280/280/k1s6ljk0/tea/f/x/h/1-premium-regular-tea-society-leaves-original-imafh9v8tg4nghxe.jpeg?q=70
314,Society,Society Lemon Iced Black Tea Pouch,100 g Pouch,30,https://rukminim1.flixcart.com/image/280/280/k3670cw0/tea/u/p/t/100-lemon-iced-black-tea-society-powder-original-imafmcw2yz4ymwt3.jpeg?q=70
314,Society,Society One Minute Masala Tea Plastic Bottle,500 g Plastic Bottle,227,https://rukminim1.flixcart.com/image/280/280/jwkzwy80/tea/k/v/m/500-one-minute-masala-tea-society-powder-original-imafh8gbcjgjjtbd.jpeg?q=70
314,Society,Society One Minute Cardamom Instant Tea Plastic Bottle,500 g Plastic Bottle,227,https://rukminim1.flixcart.com/image/280/280/jwkzwy80/tea/t/d/k/500-one-minute-instant-tea-society-liquid-original-imafh8gbuzbnzhxz.jpeg?q=70
314,Society,"Society One Minute Lemon Grass, Ginger Instant Tea Plastic Bottle",500 g Plastic Bottle,227,https://rukminim1.flixcart.com/image/280/280/k0plpjk0/tea/6/g/z/500-one-minute-ginger-lemongrass-instant-tea-instant-tea-society-original-imafkfcwkxsgdgrb.jpeg?q=70
314,Society,Society One Minute Elaichi Instant Tea Box,140 g Box,138,https://rukminim1.flixcart.com/image/280/280/jw6pifk0/tea/g/u/p/140-one-minute-elaichi-instant-tea-instant-tea-powder-society-original-imafgxpjjwy2tafh.jpeg?q=70
314,Taj Mahal,Taj Mahal Tea Box,1 kg Box,580,https://rukminim1.flixcart.com/image/280/280/jk76j680/tea/u/w/k/1-na-regular-tea-powder-taj-mahal-original-imaf7hkkmffs2nw5.jpeg?q=70
314,Taj Mahal,Taj Mahal Tea Bags Box,100 Bags Box,140,https://rukminim1.flixcart.com/image/280/280/j4hc5u80/tea/u/j/t/200-tea-bags-100-pcs-regular-tea-taj-mahal-tea-bag-original-imaevdvfzpzkkg78.jpeg?q=70
314,Taj Mahal,Taj Mahal Rich and Flavourful Tea Bags Box,25 Bags Box,50,https://rukminim1.flixcart.com/image/280/280/jlgwmfk0/tea/j/5/d/25-rich-and-flavourful-flavored-tea-taj-mahal-tea-bag-original-imaf8h2sjps4t2zg.jpeg?q=70
314,Taj Mahal,Taj Mahal Spicy Ginger Tea Bags Box,25 Bags Box,150,//img1a.flixcart.com/www/linchpin/fk-cp-zion/img/placeholder_9951d0.svg
314,Taj Mahal,Taj Mahal Rich Spices Masala Tea Bags Box,25 Bags Box,150,https://rukminim1.flixcart.com/image/280/280/jb13te80/tea/n/d/x/25-rich-masala-tea-taj-mahal-tea-bag-original-imafygzdjv6s2uze.jpeg?q=70
314,Taj Mahal,Taj Mahal Fresh Lemon Tea Bags Box,25 Bags Box,150,https://rukminim1.flixcart.com/image/280/280/jjylw280/tea/x/x/r/25-fresh-flavored-tea-tea-bag-taj-mahal-original-imaf7ap2uzgzrhwd.jpeg?q=70
314,Tata,Tata Premium Leaf Tea Pouch,1 kg Pouch,390,https://rukminim1.flixcart.com/image/280/280/k7p37gw0/tea/k/a/2/1-premium-leaf-regular-tea-tata-powder-original-imafpvgmh2whrfcy.jpeg?q=70
314,Tata,Tata Agni Tea Pouch,1 kg Pouch,220,https://rukminim1.flixcart.com/image/280/280/jsw3yq80/tea/m/g/y/1-agni-regular-tea-granules-tata-original-imafecwgnkseqp3r.jpeg?q=70
314,Tata,"Tata Teaveda Ayurvedic Goodness Brahmi, Tulsi Tea Box",250 g Box,84,https://rukminim1.flixcart.com/image/280/280/k1118cw0/tea/s/t/8/250-teaveda-ayurvedic-goodness-regular-tea-tata-powder-original-imafkzzhyzrhv2jt.jpeg?q=70
314,Tata,Tata Gold Tea Pouch,750 g Pouch,270,https://rukminim1.flixcart.com/image/280/280/jzsqky80/tea/9/j/n/750-gold-regular-tea-tata-leaves-original-imafjqj7z4mqtgjs.jpeg?q=70
314,Tata,Tata Chakra Gold Premium Tea Box,500 g Box,267,https://rukminim1.flixcart.com/image/280/280/k572gsw0/tea/s/j/n/500-chakra-gold-premium-regular-tea-tata-powder-original-imafnxrg5nuqc6az.jpeg?q=70
314,Tata,Tata Chakra Gold Cardamom Tea Box,250 g Box,128,https://rukminim1.flixcart.com/image/280/280/jzblaq80/tea/t/g/d/250-chakra-gold-elaichi-flavored-tea-tata-tea-powder-original-imafjcvgzznqgenv.jpeg?q=70
314,Tata,Tata Chakra Gold Elaichi Tea Box,100 g Box,50,https://rukminim1.flixcart.com/image/280/280/k0cqqvk0/tea/x/q/m/100-chakra-gold-elaichi-regular-tea-tata-tea-powder-original-imafk5tzc5vmgkfd.jpeg?q=70
314,Tata,Tata Gemini Tea Pouch,1 kg Pouch,308,https://rukminim1.flixcart.com/image/280/280/k572gsw0/tea/a/k/g/1-gemini-regular-tea-tata-leaves-original-imafnxrgwqewfffu.jpeg?q=70
314,Tata,Tata Tulsi Green Tea Bags Box,25 Bags Box,130,https://rukminim1.flixcart.com/image/280/280/k3xcdjk0/tea/s/g/n/25-tulsi-green-green-tea-tata-tea-tea-bag-original-imafmxva3zh2ccpn.jpeg?q=70
314,Tata,Tata Kanan Devan Duet Tea Pouch,250 g Pouch,77,https://rukminim1.flixcart.com/image/280/280/k572gsw0/tea/h/9/e/250-kanan-devan-duet-regular-tea-tata-powder-original-imafnxrghhfpmz8z.jpeg?q=70
314,Tata,"Tata Chakra Gold Activ Plus Lemon Grass, Amla Tea Box",250 g Box,143,https://rukminim1.flixcart.com/image/280/280/k572gsw0/tea/g/a/y/250-chakra-gold-activ-plus-regular-tea-tata-powder-original-imafnxrgejmfg6vf.jpeg?q=70
314,Tata,Tata Kanan Devan Classic Tea Pouch,500 g Pouch,147,https://rukminim1.flixcart.com/image/280/280/j5y7gcw0-1/tea/c/d/z/500-kannan-devan-regular-tea-powder-tata-tea-original-imaewj7ygu6ejwng.jpeg?q=70
314,Tata,Tata Tulsi Green Tea Pouch,100 g Pouch,130,https://rukminim1.flixcart.com/image/280/280/k3t21zk0/tea/j/k/p/100-na-green-tea-tata-leaves-original-imafmuq3rgrf5qr4.jpeg?q=70
314,Tata,Tata Quick Chai Classic Tea Box,125 g Box,99,https://rukminim1.flixcart.com/image/280/280/k3ahbww0/tea/9/x/3/125-quick-chai-classic-regular-tea-tata-tea-powder-original-imafmgyv88zkmtgv.jpeg?q=70
314,Tata,"Tata Chakra Gold Activ Plus Lemon Grass, Garcinia, Amla Herbal Tea Box",100 g Box,59,https://rukminim1.flixcart.com/image/280/280/jz05rww0/tea/s/m/g/100-chakra-gold-activ-plus-herbal-tea-tata-tea-powder-original-imafj4b24ejhnz2a.jpeg?q=70
314,Tetley,"Tetley Ginger, Mint & Lemon Green Tea Bags Box",100 Bags Box,352,https://rukminim1.flixcart.com/image/280/280/j63x7rk0/tea/p/w/4/100-ginger-mint-lemon-green-tea-tea-bag-tetley-original-imaewn8q9huzqqgm.jpeg?q=70
314,Tetley,"Tetley Invigorating Lemon, Ginger, Mint Green Tea Bags Box",25 Bags Box,108,https://rukminim1.flixcart.com/image/280/280/jw6pifk0/tea/t/w/h/25-invigorating-green-tea-tea-bag-tetley-original-imafgx6dushtsnbx.jpeg?q=70
314,Tetley,Tetley Lemon & Honey Green Tea Bags Box,10 Bags Box,59,https://rukminim1.flixcart.com/image/280/280/j5zmw7k0/tea/v/a/b/10-lemon-and-honey-green-tea-tea-bag-tetley-original-imaewkcajexyqzrp.jpeg?q=70
314,Tetley,Tetley Lemon Green Tea Bags Box,25 Bags Box,108,https://rukminim1.flixcart.com/image/280/280/jtsz3bk0/tea/a/p/v/25-lemon-honey-green-tea-tea-bag-tetley-original-imaff2ggfxvay58m.jpeg?q=70
314,Tetley,Tetley Refreshing Pure Original Green Tea Bags Box,25 Bags Box,108,https://rukminim1.flixcart.com/image/280/280/jw6pifk0/tea/2/z/y/25-refreshing-pure-original-green-tea-tea-bag-tetley-original-imafgx6dbumbhbzb.jpeg?q=70
314,Tetley,Tetley Pure Original Green Tea Bags Box,10 Bags Box,59,https://rukminim1.flixcart.com/image/280/280/j65cnm80/tea/y/p/a/10-green-tea-pure-original-green-tea-tea-bag-tetley-original-imaewzfa7zgg4gxt.jpeg?q=70
314,Tetley,Tetley Naturally Sweet Mango Green Tea Bags Box,32.5 g Box,108,https://rukminim1.flixcart.com/image/280/280/k91o6fk0/tea/z/g/f/32-5-green-tea-reviving-mango-green-tea-tetley-tea-bag-original-imafqxf8dfhzffdd.jpeg?q=70
314,Tetley,Tetley Original Real Taste Tea Bags Box,250 Bags Box,255,https://rukminim1.flixcart.com/image/280/280/j6nxdow0/tea/4/t/b/250-na-regular-tea-tetley-tea-bag-original-imaex3ywnazu77ww.jpeg?q=70
314,Tetley,Tetley Refreshing Pure Original Green Tea Box,250 g Box,180,https://rukminim1.flixcart.com/image/280/280/jh6l2fk0/tea/5/r/d/250-na-green-tea-powder-tetley-original-imaf59czdhg9dgty.jpeg?q=70
314,Tetley,Tetley Ginger Zing Black Tea Bags Box,50 Bags Box,198,https://rukminim1.flixcart.com/image/280/280/j5zmw7k0/tea/c/f/f/50-ginger-zing-black-tea-tea-bag-tetley-original-imaewkcws4k9dx4x.jpeg?q=70
314,Typhoo,Typhoo Pure Green Tea Box,100 g Box,96,https://rukminim1.flixcart.com/image/280/280/jh9fy4w0/tea/n/m/w/100-pure-green-tea-leaves-typhoo-original-imaf5byebdrayccb.jpeg?q=70
314,Typhoo,Typhoo Uplifting Lemon Grass Green Tea Bags Box,25 Bags Box,188,https://rukminim1.flixcart.com/image/280/280/jh9fy4w0/tea/z/u/r/25-lemongrass-green-tea-tea-bag-typhoo-original-imaf5bhwsnhzur6f.jpeg?q=70
314,Typhoo,Typhoo Refreshing Moroccan Mint Green Tea Bags Box,25 Bags Box,202,https://rukminim1.flixcart.com/image/280/280/jh9fy4w0/tea/d/z/m/25-moroccan-mint-green-tea-tea-bag-typhoo-original-imaf5bhuzzzhhhtr.jpeg?q=70
314,Typhoo,"Typhoo Lemon, Honey Tea Bags Box",25 Bags Box,188,https://rukminim1.flixcart.com/image/280/280/jhavdzk0/tea/r/u/d/25-na-flavored-tea-tea-bag-typhoo-original-imaf5c365syzsknc.jpeg?q=70
314,Typhoo,Typhoo Traditional Tulsi Green Tea Bags Box,25 Bags Box,203,https://rukminim1.flixcart.com/image/280/280/jh9fy4w0/tea/f/k/j/25-traditional-green-tea-tea-bag-typhoo-original-imaf5br2wyqsfgun.jpeg?q=70
314,Typhoo,Typhoo Green Tea Bags Box,100 Bags Box,600,https://rukminim1.flixcart.com/image/280/280/jrp8r680/tea/j/p/z/100-na-green-tea-tea-bag-typhoo-original-imafdfwjsetvj5ay.jpeg?q=70
314,Typhoo,Typhoo Luxurious Fruit Bracer Blackcurrant Infusion Tea Bags Box,25 Bags Box,278,https://rukminim1.flixcart.com/image/280/280/jh9fy4w0/tea/b/n/u/25-blackcurrant-bracer-infusion-tea-tea-bag-typhoo-original-imaf5bg7r2hfgwzh.jpeg?q=70
314,Waghbakri,Waghbakri Navchetan Danedar Tea Pouch,250 g Pouch,51,https://rukminim1.flixcart.com/image/280/280/jj4ln680-1/tea/e/t/g/250-navchetan-danedar-regular-tea-leaves-waghbakri-original-imaf6syumztzshkz.jpeg?q=70
314,Waghbakri,Waghbakri Premium Leaf Tea Pouch,1 kg Pouch,366,https://rukminim1.flixcart.com/image/280/280/jhi0l8w0/tea/v/g/4/1-premium-leaf-regular-tea-leaves-wagh-bakri-original-imaf5hyttefzzfcf.jpeg?q=70
314,Waghbakri,Waghbakri Spices Masala Tea Box,250 g Box,130,https://rukminim1.flixcart.com/image/280/280/jj4ln680-1/tea/f/8/a/250-na-masala-tea-leaves-waghbakri-original-imaf6sfwgtdjjhwv.jpeg?q=70
314,Waghbakri,"Waghbakri Connoisseur Collection Lemon, Honey, Ginger, Mint, Cardamom, Tulsi Tea Bags Box",220 g Box,502,//img1a.flixcart.com/www/linchpin/fk-cp-zion/img/placeholder_9951d0.svg
