616,BRU,BRU Green Label Roast & Ground Coffee,200 g,69,https://rukminim1.flixcart.com/image/280/280/j9pyaa80/coffee/6/s/7/200-roast-ground-pouch-bru-original-imaezgjvzxufxjft.jpeg?q=70
616,BRU,BRU Instant Coffee,200 g,356,https://rukminim1.flixcart.com/image/280/280/jgffp8w0/coffee/r/y/y/200-instant-coffee-pouch-bru-original-imaf4zcgesqaussj.jpeg?q=70
616,BRU,BRU GOLD Instant Coffee,100 g,272,https://rukminim1.flixcart.com/image/280/280/j3orcsw0/coffee/h/8/t/100-gold-instant-coffee-glass-bottle-bru-original-imaeurn4gxdjxpsv.jpeg?q=70
616,BRU,BRU Select Coffee Filter Coffee,200 g,98,https://rukminim1.flixcart.com/image/280/280/ja48osw0/coffee/j/p/9/200-select-coffee-pouch-bru-original-imaezqw38mwkzweq.jpeg?q=70
616,Continental,Continental Xtra Instant Coffee,Buy 1 Get 1 (200g Each) Free,367,https://rukminim1.flixcart.com/image/280/280/jim0x3k0/coffee/w/s/m/200-xtra-box-continental-original-imaf6dmfyuyjpemh.jpeg?q=70
616,Continental,Continental Malgudi 60 Degree Fresh Filter Coffee,33% Extra in Pack,70,https://rukminim1.flixcart.com/image/280/280/joq2qa80/coffee/h/u/w/200-malgudi-60-degree-fresh-filter-coffee-vacuum-pack-original-imafb4tmdhezemkk.jpeg?q=70
616,Continental,Continental Malgudi 80 Degree Fresh Filter Coffee,33% Extra in Pack,90,https://rukminim1.flixcart.com/image/280/280/joq2qa80/coffee/w/v/g/200-malgudi-80-degree-filter-coffee-pouch-continental-original-imafb4tkzapc8djj.jpeg?q=70
616,Continental,Continental 3-in-1 Delicious Instant Coffee,180 g,90,https://rukminim1.flixcart.com/image/280/280/jr83gy80/coffee/v/x/z/180-3-in-1-delicious-box-filter-coffee-continental-original-imafd2r5mj4muk7x.jpeg?q=70
616,Continental,Continental Speciale Instant Coffee,Buy 1 Get 1 (200G Each) Free,493,https://rukminim1.flixcart.com/image/280/280/jq5iky80/coffee/b/8/s/200-speciale-box-instant-coffee-continental-original-imafc8fwza96qhju.jpeg?q=70
616,Continental,Continental Strong Instant Coffee,1 kg,534,https://rukminim1.flixcart.com/image/280/280/jiklh8w0/coffee/a/p/f/1-strong-pouch-continental-original-imaf6c7zywskmfne.jpeg?q=70
616,Continental,Continental Black Edition Instant Coffee,50 g,150,https://rukminim1.flixcart.com/image/280/280/k65d18w0/coffee/p/f/d/50-black-edition-instant-coffee-glass-bottle-continental-original-imafzz2urma4hssk.jpeg?q=70
616,Cothas Coffee,Cothas Coffee Speciality Blend Roast & Ground Coffee,200 g,93,https://rukminim1.flixcart.com/image/280/280/j4sronk0/coffee/h/x/4/200-speciality-blend-85-15-filter-coffee-pouch-cothas-coffee-co-original-imaevmk4c8bsgamz.jpeg?q=70
616,Deccan Gold,Deccan Gold Premium Filter Coffee,200 g,45,https://rukminim1.flixcart.com/image/280/280/jtx9evk0/coffee/g/z/p/200-premium-filter-coffee-pouch-deccan-gold-original-imaff63u4fs9bwrb.jpeg?q=70
616,Levista,Levista Premium Instant Coffee,200 g,291,https://rukminim1.flixcart.com/image/280/280/k0o69ow0/coffee/b/g/d/200-premium-instant-coffee-pouch-levista-original-imafke77hhra8ngd.jpeg?q=70
616,Levista,Levista Strong Instant Coffee,200 g,292,https://rukminim1.flixcart.com/image/280/280/k0o69ow0/coffee/b/w/h/200-strong-instant-coffee-pouch-levista-original-imafke77zpm46b8y.jpeg?q=70
616,Levista,Levista Classic Instant Coffee,200 g,442,https://rukminim1.flixcart.com/image/280/280/k0o69ow0/coffee/h/j/e/200-classic-instant-coffee-pouch-levista-original-imafke772zngacy7.jpeg?q=70
616,Nescafe,Nescafe Classic Instant Coffee,200 g,487,https://rukminim1.flixcart.com/image/280/280/joud1u80-1/coffee/b/h/h/200-classic-instant-coffee-vacuum-pack-nescafe-original-imafb7wkskynegew.jpeg?q=70
616,Nescafe,Nescafe Sunrise Instant Coffee,200 g,348,https://rukminim1.flixcart.com/image/280/280/k4lmv0w0/coffee/x/g/v/200-sunrise-instant-coffee-pouch-nescafe-original-imafbpghhvzzdqeg.jpeg?q=70
616,Nescafe,Nescafe Gold Instant Coffee,100 g,434,https://rukminim1.flixcart.com/image/280/280/k0lbdzk0/coffee/r/m/7/100-gold-instant-coffee-glass-bottle-nescafe-original-imafkcqdgdgm2z6m.jpeg?q=70
616,Nescafe,Nescafe Gold Cappuccino Instant Coffee,125 g,148,https://rukminim1.flixcart.com/image/280/280/k0o69ow0/coffee/6/k/f/125-gold-cappuccino-instant-coffee-box-nescafe-original-imafke77kthfkyjt.jpeg?q=70
616,Nescafe,Nescafe Gold Choco Mocha Instant Coffee,125 g,148,https://rukminim1.flixcart.com/image/280/280/k0o69ow0/coffee/h/y/f/125-gold-choco-mocha-instant-coffee-box-nescafe-original-imafke77z4pvjct4.jpeg?q=70
616,Nescafe,Nescafe Gold Blend Rich and Smooth Instant Coffee,15 g,123,https://rukminim1.flixcart.com/image/280/280/k5wse4w0/coffee/8/5/f/15-gold-blend-rich-and-smooth-instant-coffee-box-nescafe-original-imafzhxa5cwccgbj.jpeg?q=70
616,Saffola,Saffola Fittify Gourmet Classic Strong Instant Coffee,30 g,257,https://rukminim1.flixcart.com/image/280/280/jph83gw0/coffee/q/b/n/30-green-coffee-instant-beverage-mix-classic-strong-instant-original-imafbpy8xvbcshkn.jpeg?q=70
616,Saffola,Saffola Fittify Gourmet Assorted Instant Coffee,2x10 g,198,https://rukminim1.flixcart.com/image/280/280/jv44mfk0/coffee/n/g/w/20-fittify-gourmet-assorted-instant-coffee-box-saffola-original-imafg2upcnpvgfs8.jpeg?q=70
616,Saffola,Saffola Fittify Gourmet Lemongrass Lavender Instant Coffee,30 g,257,https://rukminim1.flixcart.com/image/280/280/jph83gw0/coffee/q/j/x/30-green-coffee-instant-beverage-mix-lemongrass-lavender-instant-original-imafbpy8fh3fuph5.jpeg?q=70
616,Saffola,Saffola Fittify Gourmet Lemon Mint Instant Coffee,30 g,257,https://rukminim1.flixcart.com/image/280/280/jph83gw0/coffee/z/q/g/30-green-coffee-instant-beverage-mix-lemon-mint-instant-coffee-original-imafbpy8sudkhyxh.jpeg?q=70
616,Saffola,Saffola Fittify Gourmet Classic Instant Coffee,30 g,257,https://rukminim1.flixcart.com/image/280/280/jph83gw0/coffee/p/b/a/30-green-coffee-instant-beverage-mix-classic-instant-coffee-box-original-imafbpy8c4zcxtun.jpeg?q=70
616,Saffola,Saffola Fittify Gourmet Ginger Basil Instant Coffee,30 g,257,https://rukminim1.flixcart.com/image/280/280/jph83gw0/coffee/d/d/r/30-green-coffee-instant-beverage-mix-ginger-basil-instant-coffee-original-imafbpy8ruzn76tn.jpeg?q=70
616,Tata,Tata Grand Filter Coffee,200 g,57,https://rukminim1.flixcart.com/image/280/280/jzrb53k0/coffee/x/y/2/200-grand-filter-coffee-pouch-tata-original-imafjpntf8zkhrc5.jpeg?q=70
616,Tata,Tata Grand Instant Coffee,50 g,88,https://rukminim1.flixcart.com/image/280/280/jw5a2kw0/coffee/f/p/w/50-grand-instant-coffee-glass-bottle-tata-original-imafgw2mkhw7hx3h.jpeg?q=70
616,Tata,Tata 100% Pure Arabica Blend Instant Coffee,150 g,248,https://rukminim1.flixcart.com/image/280/280/k9vofbk0/coffee/h/y/g/150-100-pure-arabica-blend-instant-coffee-pouch-tata-coffee-original-imafrkzavhrfgnks.jpeg?q=70
