752,Apple,Apple ipad Mini (2019) 64 GB 7.9 inch with Wi-Fi Only (Space Grey),34900,https://rukminim1.flixcart.com/image/312/312/k0lbdzk0pkrrdj/tablet/u/t/e/apple-muu32hn-a-original-imaff847hdfrpxf2.jpeg?q=70
753,Apple,Apple iPad (7th Gen) 32 GB 10.2 inch with Wi-Fi Only (Space Grey),29900,https://rukminim1.flixcart.com/image/312/312/k1l1ea80/tablet/t/w/8/apple-mw742hn-a-original-imafh4hg9ycqtszm.jpeg?q=70
754,Apple,Apple iPad (7th Gen) 32 GB 10.2 inch with Wi-Fi Only (Gold),29790,https://rukminim1.flixcart.com/image/312/312/k1l1ea80/tablet/h/u/q/apple-mw792hn-a-original-imafh4hgtmmatk2j.jpeg?q=70
755,Apple,Apple iPad (6th Gen) 32 GB 9.7 inch with Wi-Fi Only (Gold),26459,https://rukminim1.flixcart.com/image/312/312/jfsknm80/tablet/f/m/c/apple-mrjp2hn-a-original-imaf46khz8vftwnf.jpeg?q=70
756,Apple,Apple iPad (6th Gen) 32 GB 9.7 inch with Wi-Fi Only (Space Grey),26459,https://rukminim1.flixcart.com/image/312/312/jfsknm80/tablet/u/m/z/apple-mr7f2hn-a-original-imaf46kh3wvufeme.jpeg?q=70
757,Apple,Apple iPad Air 64 GB 10.5 inch with Wi-Fi Only (Silver),44890,https://rukminim1.flixcart.com/image/312/312/ju04akw0/tablet/h/q/h/apple-muur2hn-a-original-imaff848nb4gq9zj.jpeg?q=70
758,Apple,Apple iPad (7th Gen) 128 GB 10.2 inch with Wi-Fi Only (Gold),37900,https://rukminim1.flixcart.com/image/312/312/k1l1ea80/tablet/h/u/q/apple-mw792hn-a-original-imafh4hgtmmatk2j.jpeg?q=70
759,Apple,Apple ipad Mini (2019) 64 GB 7.9 inch with Wi-Fi+4G (Space Grey),45900,https://rukminim1.flixcart.com/image/312/312/k0lbdzk0pkrrdj/tablet/5/w/z/apple-muxc2hn-a-original-imaff848rxygcubr.jpeg?q=70
760,Apple,Apple iPad (6th Gen) 128 GB 9.7 inch with Wi-Fi Only (Silver),32999,https://rukminim1.flixcart.com/image/312/312/jfsknm80/tablet/y/q/b/apple-mr7k2hn-a-original-imaf46kgudc83mbr.jpeg?q=70
761,Apple,Apple iPad (6th Gen) 128 GB 9.7 inch with Wi-Fi Only (Gold),32999,https://rukminim1.flixcart.com/image/312/312/jfsknm80/tablet/f/m/c/apple-mrjp2hn-a-original-imaf46khz8vftwnf.jpeg?q=70
762,Apple,Apple iPad Air 64 GB 10.5 inch with Wi-Fi Only (Gold),44900,https://rukminim1.flixcart.com/image/312/312/ju04akw0/tablet/e/d/5/apple-muul2hn-a-original-imaff849zmwwcpzh.jpeg?q=70
763,Apple,Apple iPad (6th Gen) 32 GB 9.7 inch with Wi-Fi Only (Silver),26459,https://rukminim1.flixcart.com/image/312/312/jfsknm80/tablet/y/q/b/apple-mr7k2hn-a-original-imaf46kgudc83mbr.jpeg?q=70
764,Apple,Apple iPad (7th Gen) 32 GB 10.2 inch with Wi-Fi Only (Silver),29790,https://rukminim1.flixcart.com/image/312/312/k1l1ea80/tablet/r/b/n/apple-mw752hn-a-original-imafh4hgef68vguj.jpeg?q=70
765,Apple,Apple iPad (7th Gen) 128 GB 10.2 inch with Wi-Fi Only (Silver),37900,https://rukminim1.flixcart.com/image/312/312/k1l1ea80/tablet/r/b/n/apple-mw752hn-a-original-imafh4hgef68vguj.jpeg?q=70
766,Apple,Apple iPad (7th Gen) 128 GB 10.2 inch with Wi-Fi+4G (Gold),48900,https://rukminim1.flixcart.com/image/312/312/k1l1ea80/tablet/a/5/u/apple-mw6g2hn-a-original-imafh4hgvhxzhypc.jpeg?q=70
767,Apple,Apple iPad (7th Gen) 128 GB 10.2 inch with Wi-Fi Only (Space Grey),37900,https://rukminim1.flixcart.com/image/312/312/k1l1ea80/tablet/t/w/8/apple-mw742hn-a-original-imafh4hg9ycqtszm.jpeg?q=70
768,Apple,Apple iPad (6th Gen) 32 GB 9.7 inch with Wi-Fi+4G (Gold),38600,https://rukminim1.flixcart.com/image/312/312/jfsknm80/tablet/w/n/k/apple-mrm02hn-a-original-imaf46kg2gcntcmw.jpeg?q=70
769,Apple,Apple iPad (7th Gen) 128 GB 10.2 inch with Wi-Fi+4G (Silver),48900,https://rukminim1.flixcart.com/image/312/312/k1l1ea80/tablet/6/f/x/apple-mw6c2hn-a-original-imafh4hgsdny36dq.jpeg?q=70
770,Apple,Apple iPad Pro (2018) 64 GB 11 inch with Wi-Fi+4G (Silver),83890,https://rukminim1.flixcart.com/image/312/312/jp2xoy80/tablet/g/p/k/apple-mu172hn-a-original-imafbe9evfz74uhz.jpeg?q=70
771,Apple,Apple iPad Air 64 GB 10.5 inch with Wi-Fi+4G (Gold),54900,https://rukminim1.flixcart.com/image/312/312/ju04akw0/tablet/w/r/j/apple-mv0f2hn-a-original-imaff84bqcgrvd3y.jpeg?q=70
772,Apple,Apple ipad Mini (2019) 64 GB 7.9 inch with Wi-Fi+4G (Gold),45900,https://rukminim1.flixcart.com/image/312/312/k0lbdzk0pkrrdj/tablet/r/c/j/apple-muxe2hn-a-original-imaff849kmxfnqnu.jpeg?q=70
773,Apple,Apple ipad Mini (2019) 256 GB 7.9 inch with Wi-Fi Only (Space Grey),48790,https://rukminim1.flixcart.com/image/312/312/k0lbdzk0pkrrdj/tablet/u/t/e/apple-muu32hn-a-original-imaff847hdfrpxf2.jpeg?q=70
774,Apple,Apple iPad (7th Gen) 32 GB 10.2 inch with Wi-Fi+4G (Gold),40900,https://rukminim1.flixcart.com/image/312/312/k1l1ea80/tablet/a/5/u/apple-mw6g2hn-a-original-imafh4hgvhxzhypc.jpeg?q=70
775,Apple,Apple iPad (6th Gen) 128 GB 9.7 inch with Wi-Fi Only (Space Grey),35404,https://rukminim1.flixcart.com/image/312/312/jfsknm80/tablet/u/m/z/apple-mr7f2hn-a-original-imaf46kh3wvufeme.jpeg?q=70
776,Apple,Apple iPad Pro (2018) 1 TB 12.9 inch with Wi-Fi Only (Space Grey),157900,https://rukminim1.flixcart.com/image/312/312/jp2xoy80/tablet/g/d/6/apple-mtfl2hn-a-original-imafbe9emtvzkydj.jpeg?q=70
777,Apple,Apple iPad Pro 512 GB 10.5 inch with Wi-Fi Only (Gold),84990,https://rukminim1.flixcart.com/image/312/312/j3nbwy80/tablet/j/f/2/apple-mpf12hn-a-original-imaeuqfmwjdw54q3.jpeg?q=70
778,Apple,Apple ipad Mini (2019) 256 GB 7.9 inch with Wi-Fi+4G (Gold),58900,https://rukminim1.flixcart.com/image/312/312/k0lbdzk0pkrrdj/tablet/r/c/j/apple-muxe2hn-a-original-imaff849kmxfnqnu.jpeg?q=70
779,Apple,Apple iPad Pro (2018) 1 TB 11 inch with Wi-Fi Only (Space Grey),139900,https://rukminim1.flixcart.com/image/312/312/jp2xoy80/tablet/c/z/x/apple-mtxv2hn-a-original-imafbe9eny6hkgt2.jpeg?q=70
780,Apple,Apple ipad Mini (2019) 64 GB 7.9 inch with Wi-Fi+4G (Silver),45900,https://rukminim1.flixcart.com/image/312/312/k0lbdzk0pkrrdj/tablet/u/y/v/apple-mux62hn-a-original-imaff849gwmz2xta.jpeg?q=70
781,Apple,Apple iPad Pro 512 GB 10.5 inch with Wi-Fi Only (Silver),84900,https://rukminim1.flixcart.com/image/312/312/j3nbwy80/tablet/n/g/v/apple-mqdw2hn-a-original-imaeuqfmehyfwuw9.jpeg?q=70
782,Apple,Apple ipad Mini (2019) 64 GB 7.9 inch with Wi-Fi Only (Gold),34900,https://rukminim1.flixcart.com/image/312/312/k0lbdzk0pkrrdj/tablet/h/d/k/apple-muqy2hn-a-original-imaff848szekvdsz.jpeg?q=70
783,Apple,Apple iPad Air 64 GB 10.5 inch with Wi-Fi Only (Space Grey),44900,https://rukminim1.flixcart.com/image/312/312/ju04akw0/tablet/u/v/y/apple-muuj2hn-a-original-imaff848gyggvqjj.jpeg?q=70
784,Apple,Apple ipad Mini (2019) 64 GB 7.9 inch with Wi-Fi Only (Silver),34900,https://rukminim1.flixcart.com/image/312/312/k0lbdzk0pkrrdj/tablet/n/u/c/apple-muqx2hn-a-original-imaff849epq2fjj5.jpeg?q=70
785,Apple,Apple iPad Pro (2018) 64 GB 12.9 inch with Wi-Fi+4G (Space Grey),103900,https://rukminim1.flixcart.com/image/312/312/jp2xoy80/tablet/p/f/h/apple-mthv2hn-a-original-imafbe9e4dbvthgg.jpeg?q=70
786,Apple,Apple iPad Pro 32 GB 9.7 inch with Wi-Fi+4G,61900,https://rukminim1.flixcart.com/image/312/312/tablet/t/j/c/apple-mlyj2hn-a-original-imaeq8cxpzn9yvjm.jpeg?q=70
787,Apple,Apple iPad Air 256 GB 10.5 inch with Wi-Fi+4G (Gold),69900,https://rukminim1.flixcart.com/image/312/312/ju04akw0/tablet/w/r/j/apple-mv0f2hn-a-original-imaff84bqcgrvd3y.jpeg?q=70
788,Apple,Apple iPad mini 4 128 GB 7.9 inch with Wi-Fi+4G,44500,https://rukminim1.flixcart.com/image/312/312/tablet/y/3/h/apple-ipad-mini-4-wi-fi-128gb-gold-mk9q2hn-a-original-imaebwttbvphpgtm.jpeg?q=70
789,Apple,Apple iPad Air 256 GB 10.5 inch with Wi-Fi+4G (Space Grey),68900,https://rukminim1.flixcart.com/image/312/312/ju04akw0/tablet/s/y/w/apple-mv0d2hn-a-original-imaff8488vxxvnyb.jpeg?q=70
790,Apple,Apple iPad Pro (2018) 64 GB 11 inch with Wi-Fi Only (Silver),70990,https://rukminim1.flixcart.com/image/312/312/jp2xoy80/tablet/u/n/a/apple-mtxr2hn-a-original-imafbe9e7yrhqgeq.jpeg?q=70
791,Apple,Apple iPad Pro (2018) 64 GB 12.9 inch with Wi-Fi Only (Silver),89900,https://rukminim1.flixcart.com/image/312/312/jp2xoy80/tablet/t/m/p/apple-mtft2hn-a-original-imafbe9eerjcuhrj.jpeg?q=70
792,Apple,Apple iPad Pro (2018) 512 GB 12.9 inch with Wi-Fi+4G (Silver),135900,https://rukminim1.flixcart.com/image/312/312/jp2xoy80/tablet/b/x/6/apple-mtj62hn-a-original-imafbe9eufzfcx6z.jpeg?q=70
793,Apple,Apple iPad Pro (2018) 256 GB 12.9 inch with Wi-Fi+4G (Silver),117900,https://rukminim1.flixcart.com/image/312/312/jp2xoy80/tablet/b/x/6/apple-mtj62hn-a-original-imafbe9eufzfcx6z.jpeg?q=70
794,Apple,Apple iPad Air 256 GB 10.5 inch with Wi-Fi Only (Space Grey),58900,https://rukminim1.flixcart.com/image/312/312/ju04akw0/tablet/u/v/y/apple-muuj2hn-a-original-imaff848gyggvqjj.jpeg?q=70
795,Apple,Apple iPad Pro (2018) 256 GB 11 inch with Wi-Fi+4G (Silver),99900,https://rukminim1.flixcart.com/image/312/312/jp2xoy80/tablet/g/p/k/apple-mu172hn-a-original-imafbe9evfz74uhz.jpeg?q=70
796,Apple,Apple iPad Air 256 GB 10.5 inch with Wi-Fi+4G (Silver),68900,https://rukminim1.flixcart.com/image/312/312/k0lbdzk0pkrrdj/tablet/g/p/y/apple-mv0p2hn-a-original-imaff84awtrg98an.jpeg?q=70
797,Apple,Apple iPad Pro (2018) 256 GB 11 inch with Wi-Fi+4G (Space Grey),97890,https://rukminim1.flixcart.com/image/312/312/jp2xoy80/tablet/z/h/m/apple-mu0m2hn-a-original-imafbe9edje5mk7f.jpeg?q=70
798,Apple,Apple iPad Pro (2018) 64 GB 12.9 inch with Wi-Fi Only (Space Grey),89900,https://rukminim1.flixcart.com/image/312/312/jp2xoy80/tablet/g/d/6/apple-mtfl2hn-a-original-imafbe9emtvzkydj.jpeg?q=70
799,Apple,Apple iPad Pro (2018) 512 GB 11 inch with Wi-Fi+4G (Silver),117900,https://rukminim1.flixcart.com/image/312/312/jp2xoy80/tablet/g/p/k/apple-mu172hn-a-original-imafbe9evfz74uhz.jpeg?q=70
800,Apple,Apple iPad Pro 256 GB 12.9 inch with Wi-Fi+4G (Space Grey),83990,https://rukminim1.flixcart.com/image/312/312/j3nbwy80/tablet/d/t/j/apple-mqed2hn-a-original-imaeuqfmymrajjcq.jpeg?q=70
801,Apple,Apple iPad Air 2 16 GB 9.7 inch with Wi-Fi Only,31900,https://rukminim1.flixcart.com/image/312/312/tablet/h/q/z/apple-ipad-air-2-original-imaempjmvfzhfxbr.jpeg?q=70
802,Apple,Apple iPad Pro 256 GB 9.7 inch with Wi-Fi Only (Silver),65900,https://rukminim1.flixcart.com/image/312/312/tablet/g/d/d/apple-mln02hn-a-original-imaezfhehqvkwzmv.jpeg?q=70
803,Apple,Apple iPad Pro (2018) 1 TB 11 inch with Wi-Fi+4G (Space Grey),153900,https://rukminim1.flixcart.com/image/312/312/jp2xoy80/tablet/z/h/m/apple-mu0m2hn-a-original-imafbe9edje5mk7f.jpeg?q=70
804,Apple,Apple iPad Air 16 GB 9.7 inch with Wi-Fi Only,28900,https://rukminim1.flixcart.com/image/312/312/tablet/h/g/f/apple-16-gb-ipad-air-with-wi-fi-original-imaenf8pkuqcerts.jpeg?q=70
805,Apple,Apple iPad Air 64 GB 10.5 inch with Wi-Fi+4G (Silver),55900,https://rukminim1.flixcart.com/image/312/312/ju04akw0/tablet/n/k/a/apple-mv0e2hn-a-original-imaff84awtrg98an.jpeg?q=70
806,Apple,Apple iPad Air 2 64 GB with Wi-Fi+4G,48900,https://rukminim1.flixcart.com/image/312/312/tablet/5/g/j/apple-ipad-air-2-wi-fi-cellular-64-gb-original-imae22b2kwcgfgzz.jpeg?q=70
807,Apple,Apple iPad Pro (2018) 256 GB 11 inch with Wi-Fi Only (Space Grey),85900,https://rukminim1.flixcart.com/image/312/312/jp2xoy80/tablet/c/z/x/apple-mtxv2hn-a-original-imafbe9eny6hkgt2.jpeg?q=70
808,Apple,Apple iPad Pro 256 GB 9.7 inch with Wi-Fi Only,65900,https://rukminim1.flixcart.com/image/312/312/tablet/c/x/h/apple-ipad-pro-original-imaeq8ew2wrn2zkk.jpeg?q=70
809,Apple,Apple iPad Air 2 64 GB with Wi-Fi Only,38900,https://rukminim1.flixcart.com/image/312/312/tablet/h/q/z/apple-ipad-air-2-original-imaempjmvfzhfxbr.jpeg?q=70
810,Apple,Apple iPad Air 2 64 GB with Wi-Fi Only,42900,https://rukminim1.flixcart.com/image/312/312/tablet/m/a/7/apple-ipad-air-2-original-imaempjmrfsemhqd.jpeg?q=70
811,Apple,Apple iPad Pro 256 GB 12.9 inch with Wi-Fi Only (Silver),73990,https://rukminim1.flixcart.com/image/312/312/j3nbwy80/tablet/u/5/e/apple-mpl02hn-a-original-imaeuqfmvrnzw8zq.jpeg?q=70
812,Apple,Apple iPad Air 2 32 GB 9.7 inch with Wi-Fi Only,31900,https://rukminim1.flixcart.com/image/312/312/tablet/m/a/7/apple-ipad-air-2-original-imaempjmrfsemhqd.jpeg?q=70
813,Apple,Apple iPad Pro 256 GB 12.9 inch with Wi-Fi+4G (Gold),83990,https://rukminim1.flixcart.com/image/312/312/j3nbwy80/tablet/x/d/y/apple-mpll2hn-a-original-imaeuqfm9zkh7vyx.jpeg?q=70
814,Apple,Apple iPad Pro 32 GB 9.7 inch with Wi-Fi Only,49900,https://rukminim1.flixcart.com/image/312/312/tablet/7/g/4/apple-mlmp2hn-a-original-imaenqemzfnngeh6.jpeg?q=70
815,Apple,Apple iPad mini 4 16 GB 7.9 inch with Wi-Fi Only,28900,https://rukminim1.flixcart.com/image/312/312/tablet/8/g/q/apple-ipad-mini-4-wi-fi-cell-128gb-silver-original-imaebwtsjdzrg5a4.jpeg?q=70
816,Apple,Apple iPad Pro 512 GB 12.9 inch with Wi-Fi Only (Space Grey),85900,https://rukminim1.flixcart.com/image/312/312/j3nbwy80/tablet/n/s/a/apple-mqda2hn-a-original-imaeuqfmvbwcrbbr.jpeg?q=70
817,Apple,Apple iPad Pro 128 GB 9.7 inch with Wi-Fi Only,57900,https://rukminim1.flixcart.com/image/312/312/j0sg7m80/tablet/x/y/g/apple-mlmv2hn-a-original-imaesggffb5snbxy.jpeg?q=70
818,Apple,Apple iPad Pro 256 GB 9.7 inch with Wi-Fi Only,65900,https://rukminim1.flixcart.com/image/312/312/j5jx1u80/tablet/4/y/h/apple-mln12hn-a-original-imaew6hukknjfuzs.jpeg?q=70
819,Apple,Apple iPad Pro 256 GB 12.9 inch with Wi-Fi Only (Space Grey),73990,https://rukminim1.flixcart.com/image/312/312/j3nbwy80/tablet/n/s/a/apple-mqda2hn-a-original-imaeuqfmvbwcrbbr.jpeg?q=70
820,Apple,Apple iPad Pro 256 GB 9.7 inch with Wi-Fi+4G,77900,https://rukminim1.flixcart.com/image/312/312/tablet/t/j/c/apple-mlyj2hn-a-original-imaeq8cxpzn9yvjm.jpeg?q=70
821,Apple,Apple iPad Pro 128 GB 12.9 inch with Wi-Fi+4G,75900,https://rukminim1.flixcart.com/image/312/312/tablet/2/r/4/apple-ml2j2hn-a-original-imaeq7zthcsptgkr.jpeg?q=70
822,Apple,Apple iPad Air 2 64 GB with Wi-Fi+4G,48900,https://rukminim1.flixcart.com/image/312/312/tablet/n/g/s/apple-ipad-air-2-wi-f-cellular-64-gb-original-imaepgpgvfbjkq29.jpeg?q=70
823,Apple,Apple iPad Pro 32 GB 9.7 inch with Wi-Fi+4G,52999,https://rukminim1.flixcart.com/image/312/312/tablet/z/6/f/apple-mlpx2hn-a-original-imaeq7zqekmgttvh.jpeg?q=70
824,Apple,Apple iPad Pro (2018) 1 TB 11 inch with Wi-Fi Only (Silver),139900,https://rukminim1.flixcart.com/image/312/312/jp2xoy80/tablet/u/n/a/apple-mtxr2hn-a-original-imafbe9e7yrhqgeq.jpeg?q=70
825,Apple,Apple iPad Pro (2018) 64 GB 12.9 inch with Wi-Fi+4G (Silver),103900,https://rukminim1.flixcart.com/image/312/312/jp2xoy80/tablet/b/x/6/apple-mtj62hn-a-original-imafbe9eufzfcx6z.jpeg?q=70
826,Apple,Apple iPad Pro 256 GB 10.5 inch with Wi-Fi+4G (Gold),67900,https://rukminim1.flixcart.com/image/312/312/j3nbwy80/tablet/j/n/9/apple-mphj2hn-a-original-imaeuqfmvrdcadxz.jpeg?q=70
827,Apple,Apple iPad Pro 256 GB 10.5 inch with Wi-Fi Only (Space Grey),63500,https://rukminim1.flixcart.com/image/312/312/j3nbwy80/tablet/f/v/y/apple-mpgh2hn-a-original-imaeuqfmng7qb3ey.jpeg?q=70
828,Apple,Apple iPad Pro 64 GB 12.9 inch with Wi-Fi Only (Space Grey),62990,https://rukminim1.flixcart.com/image/312/312/j3nbwy80/tablet/n/s/a/apple-mqda2hn-a-original-imaeuqfmvbwcrbbr.jpeg?q=70
829,Apple,Apple iPad Pro (2018) 512 GB 11 inch with Wi-Fi+4G (Space Grey),117900,https://rukminim1.flixcart.com/image/312/312/jp2xoy80/tablet/z/h/m/apple-mu0m2hn-a-original-imafbe9edje5mk7f.jpeg?q=70
830,Apple,Apple iPad Air 256 GB 10.5 inch with Wi-Fi Only (Silver),57890,https://rukminim1.flixcart.com/image/312/312/ju04akw0/tablet/h/q/h/apple-muur2hn-a-original-imaff848nb4gq9zj.jpeg?q=70
831,Apple,Apple iPad mini 4 128 GB 7.9 inch with Wi-Fi+4G,42900,https://rukminim1.flixcart.com/image/312/312/tablet/h/8/j/apple-mk702hn-a-original-imaeceehhcpbzkcz.jpeg?q=70
832,Apple,Apple iPad Pro 128 GB 9.7 inch with Wi-Fi Only,48999,https://rukminim1.flixcart.com/image/312/312/jbgtnrk0/tablet/s/m/u/apple-mlmx2hn-a-original-imafyt5jnduzhhzp.jpeg?q=70
833,Apple,Apple iPad mini 16 GB 7.9 inch with Wi-Fi Only,17900,https://rukminim1.flixcart.com/image/312/312/tablet/j/f/w/apple-ipad-mini-wi-fi-64-gb-original-imadfwh6afdmyv5x.jpeg?q=70
834,Apple,Apple iPad Pro 256 GB 9.7 inch with Wi-Fi+4G,77900,https://rukminim1.flixcart.com/image/312/312/tablet/2/z/q/apple-mlq82hn-a-original-imaeq7zmzpugcaux.jpeg?q=70
835,Apple,Apple iPad Pro (2018) 1 TB 12.9 inch with Wi-Fi+4G (Space Grey),171900,https://rukminim1.flixcart.com/image/312/312/jp2xoy80/tablet/p/f/h/apple-mthv2hn-a-original-imafbe9e4dbvthgg.jpeg?q=70
836,Apple,Apple iPad Pro 512 GB 12.9 inch with Wi-Fi Only (Gold),85900,https://rukminim1.flixcart.com/image/312/312/j3nbwy80/tablet/a/x/h/apple-mqdd2hn-a-original-imaeuqfmapp8e9xy.jpeg?q=70
837,Apple,Apple iPad Pro 512 GB 12.9 inch with Wi-Fi Only (Silver),85900,https://rukminim1.flixcart.com/image/312/312/j3nbwy80/tablet/u/5/e/apple-mpl02hn-a-original-imaeuqfmvrnzw8zq.jpeg?q=70
838,Apple,Apple iPad Pro 256 GB 9.7 inch with Wi-Fi+4G,68900,https://rukminim1.flixcart.com/image/312/312/tablet/k/6/p/apple-mlq72hn-a-original-imaeq7zphhkzh23v.jpeg?q=70
839,Apple,Apple iPad Pro 512 GB 10.5 inch with Wi-Fi+4G (Gold),83990,https://rukminim1.flixcart.com/image/312/312/j3nbwy80/tablet/j/n/9/apple-mphj2hn-a-original-imaeuqfmvrdcadxz.jpeg?q=70
840,Apple,Apple iPad Pro 128 GB 9.7 inch with Wi-Fi+4G (Silver),69900,https://rukminim1.flixcart.com/image/312/312/tablet/f/e/3/apple-mlq42hn-a-original-imaeq7zpabyf2prw.jpeg?q=70
841,Apple,Apple iPad Pro 32 GB 12.9 inch with Wi-Fi Only,56900,https://rukminim1.flixcart.com/image/312/312/tablet/b/w/4/apple-ml0h2hn-a-original-imaee3gzqcd88hyc.jpeg?q=70
842,Apple,Apple iPad Pro (2018) 256 GB 12.9 inch with Wi-Fi Only (Silver),103900,https://rukminim1.flixcart.com/image/312/312/jp2xoy80/tablet/t/m/p/apple-mtft2hn-a-original-imafbe9eerjcuhrj.jpeg?q=70
843,Apple,Apple iPad Pro 512 GB 10.5 inch with Wi-Fi+4G (Rose Gold),83990,https://rukminim1.flixcart.com/image/312/312/j3nbwy80/tablet/y/g/z/apple-mpmh2hn-a-original-imaeuqfmsh7gzmpp.jpeg?q=70
844,Apple,Apple iPad Air 16 GB 9.7 inch with Wi-Fi+3G,38900,https://rukminim1.flixcart.com/image/312/312/tablet/h/7/z/apple-64-gb-ipad-air-with-wi-fi-cellular-original-imadr69cvkpd9bnf.jpeg?q=70
845,Apple,Apple iPad Pro (2018) 512 GB 12.9 inch with Wi-Fi Only (Silver),121900,https://rukminim1.flixcart.com/image/312/312/jp2xoy80/tablet/t/m/p/apple-mtft2hn-a-original-imafbe9eerjcuhrj.jpeg?q=70
846,Apple,Apple iPad Pro 64 GB 12.9 inch with Wi-Fi Only (Silver),62990,https://rukminim1.flixcart.com/image/312/312/j3nbwy80/tablet/u/5/e/apple-mpl02hn-a-original-imaeuqfmvrnzw8zq.jpeg?q=70
847,Apple,Apple iPad Pro 512 GB 10.5 inch with Wi-Fi+4G (Space Grey),84500,https://rukminim1.flixcart.com/image/312/312/j3nbwy80/tablet/b/x/h/apple-mpme2hn-a-original-imaeuqfmmbhthcg2.jpeg?q=70
848,Apple,Apple iPad Air 2 16 GB 9.7 inch with Wi-Fi Only,31900,https://rukminim1.flixcart.com/image/312/312/tablet/g/2/u/apple-ipad-air-2-original-imaempjmk5v7rtpf.jpeg?q=70
849,Apple,Apple iPad Air 2 16 GB 9.7 inch with Wi-Fi Only,31900,https://rukminim1.flixcart.com/image/312/312/tablet/m/a/7/apple-ipad-air-2-original-imaempjmrfsemhqd.jpeg?q=70
850,Apple,Apple iPad mini with Retina Display 16 GB 7.9 inch with Wi-Fi Only,21900,https://rukminim1.flixcart.com/image/312/312/tablet/6/a/5/apple-32-gb-ipad-mini-with-retina-display-and-wi-fi-original-imadr69cahw4uxgz.jpeg?q=70
851,Apple,Apple iPad Air 2 32 GB 9.7 inch with Wi-Fi Only,31900,https://rukminim1.flixcart.com/image/312/312/tablet/h/q/z/apple-ipad-air-2-original-imaempjmvfzhfxbr.jpeg?q=70
852,Apple,Apple iPad Pro 128 GB 9.7 inch with Wi-Fi+4G,63980,https://rukminim1.flixcart.com/image/312/312/tablet/t/j/c/apple-mlyj2hn-a-original-imaeq8cxpzn9yvjm.jpeg?q=70
853,Apple,Apple iPad Pro 64 GB 10.5 inch with Wi-Fi+4G (Gold),58999,https://rukminim1.flixcart.com/image/312/312/j3nbwy80/tablet/j/n/9/apple-mphj2hn-a-original-imaeuqfmvrdcadxz.jpeg?q=70
854,Apple,Apple iPad mini 4 16 GB 7.9 inch with Wi-Fi Only,28900,https://rukminim1.flixcart.com/image/312/312/tablet/a/w/z/apple-ipad-mini-4-wi-fi-64gb-space-gray-mk9g2hn-a-original-imaebwtrzytbnq2g.jpeg?q=70
855,Apple,Apple iPad mini 3 16 GB 7.9 inch with Wi-Fi Only,28900,https://rukminim1.flixcart.com/image/312/312/tablet/y/a/b/apple-ipad-air-2-wi-fi-cellular-128-gb-original-imae2y36yx4eqygn.jpeg?q=70
856,Apple,Apple iPad mini with Retina Display 16 GB 7.9 inch with Wi-Fi Only,21900,https://rukminim1.flixcart.com/image/312/312/tablet/v/n/6/apple-32-gb-ipad-mini-with-retina-display-and-wi-fi-original-imadr69bgvfkkhhx.jpeg?q=70
857,Apple,Apple 16GB iPad with Retina Display and Wi-Fi Cellular,37900,https://rukminim1.flixcart.com/image/312/312/tablet/p/m/n/apple-ipad-with-retina-display-and-wi-fi-plus-cellular-16gb-4th-gen-original-imadfyjhnxrbvjha.jpeg?q=70
858,Apple,Apple 16GB iPad with Retina Display and Wi-Fi Cellular,37900,https://rukminim1.flixcart.com/image/312/312/tablet/h/h/g/apple-ipad-with-retina-display-and-wi-fi-plus-cellular-16gb-4th-gen-original-imadfyjmagdvmtky.jpeg?q=70
859,Apple,Apple iPad mini 4 128 GB 7.9 inch with Wi-Fi+4G,43899,https://rukminim1.flixcart.com/image/312/312/tablet/x/m/y/apple-ipad-mini-4-wi-fi-cell-16gb-space-gray-mk6y2hn-a-original-imaebwtradqvebqe.jpeg?q=70
860,Apple,Apple 16GB iPad with Retina Display and Wi-Fi,28900,https://rukminim1.flixcart.com/image/312/312/tablet/c/r/h/apple-ipad-with-retina-display-and-wi-fi-16gb-4th-gen-original-imadfyjmrsnakyap.jpeg?q=70
861,Apple,Apple 16GB iPad with Retina Display and Wi-Fi,28900,https://rukminim1.flixcart.com/image/312/312/tablet/e/h/h/apple-ipad-with-retina-display-and-wi-fi-16gb-4th-gen-original-imadfyjm4uz8jcnv.jpeg?q=70
862,Apple,Apple iPad mini 4 128 GB 7.9 inch with Wi-Fi+4G,42900,https://rukminim1.flixcart.com/image/312/312/tablet/5/d/b/apple-mk9j2hn-a-original-imaeceehza4fdnjz.jpeg?q=70
863,Apple,Apple iPad mini 3 64 GB 7.9 inch with Wi-Fi+4G,45900,https://rukminim1.flixcart.com/image/312/312/tablet/a/d/f/apple-ipad-air-2-wi-fi-64-gb-original-imae2y36yajbut77.jpeg?q=70
864,Apple,Apple iPad Pro 256 GB 10.5 inch with Wi-Fi+4G (Rose Gold),67900,https://rukminim1.flixcart.com/image/312/312/j3nbwy80/tablet/y/g/z/apple-mpmh2hn-a-original-imaeuqfmsh7gzmpp.jpeg?q=70
865,Apple,Apple iPad mini 4 128 GB 7.9 inch with Wi-Fi Only (Gold),33800,https://rukminim1.flixcart.com/image/312/312/tablet/y/3/h/apple-ipad-mini-4-wi-fi-128gb-gold-mk9q2hn-a-original-imaebwttbvphpgtm.jpeg?q=70
866,Apple,Apple iPad 128 GB 9.7 inch with Wi-Fi Only (Space Grey),34999,https://rukminim1.flixcart.com/image/312/312/j12gakw0-1/tablet/3/5/z/apple-mp2h2hn-a-original-imaesqd8rkpg8yfq.jpeg?q=70
867,Apple,Apple iPad Pro (2018) 256 GB 12.9 inch with Wi-Fi+4G (Space Grey),117900,https://rukminim1.flixcart.com/image/312/312/jp2xoy80/tablet/p/f/h/apple-mthv2hn-a-original-imafbe9e4dbvthgg.jpeg?q=70
868,Apple,Apple iPad Pro 64 GB 12.9 inch with Wi-Fi+4G (Gold),72900,https://rukminim1.flixcart.com/image/312/312/j3nbwy80/tablet/x/d/y/apple-mpll2hn-a-original-imaeuqfm9zkh7vyx.jpeg?q=70
869,Apple,Apple iPad mini 3 128 GB 7.9 inch with Wi-Fi+4G,52900,https://rukminim1.flixcart.com/image/312/312/tablet/a/d/f/apple-ipad-air-2-wi-fi-64-gb-original-imae2y36yajbut77.jpeg?q=70
870,Apple,Apple iPad Pro 256 GB 10.5 inch with Wi-Fi Only (Rose Gold),57900,https://rukminim1.flixcart.com/image/312/312/j3nbwy80/tablet/x/h/d/apple-mqdy2hn-a-original-imaeuqfmahkegxgg.jpeg?q=70
871,Apple,Apple iPad mini 2 32 GB 7.9 inch with Wi-Fi Only,21900,https://rukminim1.flixcart.com/image/312/312/tablet/6/a/5/apple-32-gb-ipad-mini-with-retina-display-and-wi-fi-original-imaempjmbbehxxgy.jpeg?q=70
872,Apple,Apple iPad Air 2 16 GB 9.7 inch with Wi-Fi+4G,41900,https://rukminim1.flixcart.com/image/312/312/tablet/a/d/f/apple-ipad-air-2-wi-fi-64-gb-original-imae2y36yajbut77.jpeg?q=70
873,Apple,Apple iPad 128 GB 9.7 inch with Wi-Fi Only (Silver),34999,https://rukminim1.flixcart.com/image/312/312/j12gakw0-1/tablet/v/3/k/apple-mp2j2hn-a-original-imaesqd39yauqw5z.jpeg?q=70
874,Apple,Apple iPad Pro (2018) 512 GB 12.9 inch with Wi-Fi+4G (Space Grey),133890,https://rukminim1.flixcart.com/image/312/312/jp2xoy80/tablet/p/f/h/apple-mthv2hn-a-original-imafbe9e4dbvthgg.jpeg?q=70
875,Apple,Apple iPad Pro 32 GB 9.7 inch with Wi-Fi Only,42900,https://rukminim1.flixcart.com/image/312/312/tablet/u/v/a/apple-mm172hn-a-original-imaenqemdw3xnegg.jpeg?q=70
876,Apple,Apple iPad (6th Gen) 128 GB 9.7 inch with Wi-Fi+4G (Gold),45490,https://rukminim1.flixcart.com/image/312/312/jfsknm80/tablet/w/n/k/apple-mrm02hn-a-original-imaf46kg2gcntcmw.jpeg?q=70
877,Apple,Apple iPad (6th Gen) 128 GB 9.7 inch with Wi-Fi+4G (Silver),45300,https://rukminim1.flixcart.com/image/312/312/jfsknm80/tablet/r/c/p/apple-mr732hn-a-original-imaf46kfsxdmjdts.jpeg?q=70
878,Samsung,Samsung Galaxy Tab A 8.0 32 GB 8 inch with Wi-Fi+4G Tablet (Black),12152,https://rukminim1.flixcart.com/image/312/312/k0vbgy80pkrrdj/tablet/d/n/r/samsung-sm-t295nzkains-original-imafg2b3jq7hgygb.jpeg?q=70
879,Samsung,Samsung Galaxy Tab A 32 GB 10.5 inch with Wi-Fi+4G Tablet (Black),26999,https://rukminim1.flixcart.com/image/312/312/jk76j680/tablet/q/z/d/samsung-sm-t595nzkains-original-imaf7hpyrget8cyy.jpeg?q=70
880,Samsung,Samsung Galaxy Tab A 8.0 Wifi 32 GB 8 inch with Wi-Fi Only Tablet (Black),9999,https://rukminim1.flixcart.com/image/312/312/jxnksy80/tablet/u/h/h/samsung-sm-t290nzkains-original-imafg2ghyj9zhgnv.jpeg?q=70
881,Samsung,"Samsung GALAXY A50 (White, 64 GB)",17999,https://rukminim1.flixcart.com/image/312/312/jsyyufk0/mobile/b/w/f/samsung-galaxy-a50-sm-a505fzwdins-original-imafefghh95xxr6d.jpeg?q=70
882,Samsung,Samsung Galaxy Tab A 8.0 32 GB 8 inch with Wi-Fi+4G Tablet (Silver),12194,https://rukminim1.flixcart.com/image/312/312/jxnksy80/tablet/c/q/u/samsung-sm-t295nzsains-original-imafg2b3tkmj3ghq.jpeg?q=70
883,Samsung,Samsung Galaxy Tab A 8.0 Wifi 32 GB 8 inch with Wi-Fi Only Tablet (Silver),9999,https://rukminim1.flixcart.com/image/312/312/jxnksy80/tablet/s/r/z/samsung-sm-t290nzsains-original-imafg2b3jfyb3cqq.jpeg?q=70
884,Samsung,Samsung Galaxy Tab A 10.0 32 GB 10 inch with Wi-Fi+4G Tablet (Black),21400,https://rukminim1.flixcart.com/image/312/312/jxnksy80/tablet/j/u/f/samsung-sm-t515nzkdins-original-imafg2b2sztqjwx8.jpeg?q=70
885,Samsung,Samsung Galaxy Tab A 10.0 32 GB 10 inch with Wi-Fi+4G Tablet (Gold),21444,https://rukminim1.flixcart.com/image/312/312/jxnksy80/tablet/n/c/k/samsung-sm-t515nzddins-original-imafg2b3t57haebt.jpeg?q=70
886,Samsung,Samsung Galaxy Tab S5E LTE 64 GB 10.5 inch with Wi-Fi+4G Tablet (Silver),40300,https://rukminim1.flixcart.com/image/312/312/jxnksy80/tablet/u/g/s/samsung-sm-t725nzsains-original-imafg2b3zkwkjvv7.jpeg?q=70
887,Samsung,Samsung Galaxy Tab S5E LTE 64 GB 10.5 inch with Wi-Fi+4G Tablet (Gold),40300,https://rukminim1.flixcart.com/image/312/312/k0vbgy80pkrrdj/tablet/h/r/p/samsung-sm-t725nzdainu-original-imafg2b3vfjxqcns.jpeg?q=70
888,Samsung,Samsung Galaxy Tab S5E LTE 64 GB 10.5 inch with Wi-Fi+4G Tablet (Black),40990,https://rukminim1.flixcart.com/image/312/312/k0vbgy80pkrrdj/tablet/r/c/d/samsung-sm-t725nzkainu-original-imafg2b3ejg5y7hw.jpeg?q=70
889,Samsung,Samsung Galaxy Tab E 8 GB 9.6 inch with Wi-Fi+3G Tablet (Metallic Black),12900,https://rukminim1.flixcart.com/image/312/312/tablet/e/r/8/samsung-sm-t561nzkains-original-imae7uzycfmeudvy.jpeg?q=70
890,Samsung,Samsung Galaxy Tab S2 32 GB 9.7 inch with Wi-Fi+4G Tablet (Black),27999,https://rukminim1.flixcart.com/image/312/312/tablet/9/s/t/samsung-sm-t815y-original-imaebxrytvztpv43.jpeg?q=70
891,Samsung,Samsung Galaxy Tab A 10.0 32 GB 10 inch with Wi-Fi+4G Tablet (Silver),19999,https://rukminim1.flixcart.com/image/312/312/jxnksy80/tablet/9/w/9/samsung-sm-t515nzsdins-original-imafg2b3yfyuf6jh.jpeg?q=70
892,Samsung,Samsung Galaxy Tab S3 (with Pen) 32 GB 9.7 inch with Wi-Fi+4G Tablet (Black),47970,https://rukminim1.flixcart.com/image/312/312/j30gvbk0/tablet/g/f/e/samsung-sm-t825czsatgy-original-imaeu8gbw7gywshe.jpeg?q=70
893,Samsung,Samsung Galaxy Tab S4 (with Pen) 64 GB 10.5 inch with Wi-Fi+4G Tablet (Black),57900,https://rukminim1.flixcart.com/image/312/312/jph83gw0/tablet/v/t/h/samsung-sm-t835nzkains-original-imafbpmf4a9vyapa.jpeg?q=70
894,Samsung,Samsung Galaxy Tab A T355Y 16 GB 8 inch with Wi-Fi+4G Tablet (Sandy White),14999,https://rukminim1.flixcart.com/image/312/312/j1b0xow0/tablet/t/e/w/samsung-sm-t355yzwains-original-imaeswxenwwyh9pa.jpeg?q=70
895,Samsung,Samsung Galaxy Tab 2 P3100,15999,https://rukminim1.flixcart.com/image/312/312/tablet/n/9/g/samsung-galaxy-tab-2-p3100-original-imada4jepft4a5gj.jpeg?q=70
896,Samsung,Samsung Galaxy Tab A 32 GB 10.5 inch with Wi-Fi+4G Tablet (Blue),26999,https://rukminim1.flixcart.com/image/312/312/jk76j680/tablet/z/6/k/samsung-sm-t595nzbains-original-imaf7hpx4ymqt6jw.jpeg?q=70
897,Samsung,Samsung Galaxy Tab 4 T231 Tablet,11250,https://rukminim1.flixcart.com/image/312/312/tablet/j/3/4/samsung-galaxy-tab-4-t231-original-imadwsh8nrypggkm.jpeg?q=70
898,Samsung,Samsung Galaxy J Max 8 GB 7 inch with Wi-Fi+4G Tablet (Gold),10499,https://rukminim1.flixcart.com/image/312/312/tablet/d/x/b/samsung-sm-t285yzdyins-original-imaehbfyjufvsf2f.jpeg?q=70
899,Samsung,Samsung Galaxy Tab E,15500,https://rukminim1.flixcart.com/image/312/312/tablet/h/p/5/samsung-sm-t561nzwains-original-imae7vy2rxwkm9zf.jpeg?q=70
900,Samsung,Samsung Galaxy Tab 3 V T116 Single Sim Tablet 8 GB 7 inch with Wi-Fi+3G Tablet (EBONY BLACK),8210,https://rukminim1.flixcart.com/image/312/312/tablet/b/7/h/samsung-t116n-original-imae9htfhckpmrvh.jpeg?q=70
901,Samsung,Samsung Galaxy Tab S 10.5,44900,https://rukminim1.flixcart.com/image/312/312/tablet/n/3/8/samsung-sm-t800ntsainu-original-imaefj37uyygytxc.jpeg?q=70
902,Samsung,Samsung Galaxy Tab 4 T331 Tablet,19999,https://rukminim1.flixcart.com/image/312/312/tablet/8/e/q/samsung-galaxy-tab-4-t331-original-imadwsh9dm9bjznc.jpeg?q=70
903,Samsung,Samsung Galaxy Tab A 8 GB 7 inch with Wi-Fi+4G Tablet (White),9490,https://rukminim1.flixcart.com/image/312/312/jawthu80/tablet/2/g/3/samsung-sm-t285nzwsins-original-imafydsq56gpjsyj.jpeg?q=70
904,Samsung,Samsung Galaxy Tab 3 Neo Tablet,10288,https://rukminim1.flixcart.com/image/312/312/tablet/z/d/r/samsung-sm-t111nykains-original-imadtzd9r2aeygtw.jpeg?q=70
905,Samsung,Samsung Galaxy Note Pro 12.2 Tablet,65000,https://rukminim1.flixcart.com/image/312/312/tablet/g/4/v/samsung-galaxy-note-pro-original-imadttd4jh3dvd7f.jpeg?q=70
906,Samsung,Samsung Galaxy Tab S 10.5,37700,https://rukminim1.flixcart.com/image/312/312/tablet/n/5/n/samsung-sm-t800nzwainu-original-imaefj37tuwmu7vq.jpeg?q=70
907,Samsung,Samsung Galaxy Tab 4 T231 Tablet,9990,https://rukminim1.flixcart.com/image/312/312/tablet/n/z/y/samsung-galaxy-tab-4-t231-original-imadwsh9gt7g2efn.jpeg?q=70
908,Samsung,Samsung Galaxy Tab 3 Neo Tablet,9990,https://rukminim1.flixcart.com/image/312/312/tablet/x/c/y/samsung-sm-t111ndwains-original-imadtzd7gmhnqy2r.jpeg?q=70
909,Samsung,Samsung Galaxy Tab 3 T311 Tablet,12999,https://rukminim1.flixcart.com/image/312/312/tablet/h/c/f/samsung-galaxy-tab-3-t311-original-imadmvggmfkkuhzm.jpeg?q=70
910,Samsung,Samsung Galaxy Note 10.1 SM-P6010 Tablet,51055,https://rukminim1.flixcart.com/image/312/312/tablet/2/t/a/samsung-galaxy-note-10-1-p601-original-imadphquhdavq2ce.jpeg?q=70
911,Samsung,Samsung Galaxy Tab 4 T531 Tablet,26252,https://rukminim1.flixcart.com/image/312/312/tablet/y/f/9/samsung-galaxy-tab-4-t531-original-imadwsh8mjnupwsg.jpeg?q=70
912,Samsung,Samsung Galaxy Tab 4 T531 Tablet,26252,https://rukminim1.flixcart.com/image/312/312/tablet/u/z/z/samsung-galaxy-tab-4-t531-original-imadwsh9dhgp7dkt.jpeg?q=70
913,Samsung,Samsung Galaxy Tab 4 T331 Tablet,24606,https://rukminim1.flixcart.com/image/312/312/tablet/h/s/m/samsung-galaxy-tab-4-t331-original-imadwsh8hzyvpgyk.jpeg?q=70
914,Samsung,Samsung Galaxy Tab 3 T211 Tablet,10990,https://rukminim1.flixcart.com/image/312/312/tablet/d/z/g/samsung-galaxy-tab-3-t211-original-imadqgc7zhghzbej.jpeg?q=70
915,Samsung,Samsung Galaxy Tab 3 T310 Tablet,12999,https://rukminim1.flixcart.com/image/312/312/tablet/y/z/j/samsung-galaxy-tab-3-t310-original-imadmmkxy72qw5jh.jpeg?q=70
916,Lenovo,Lenovo M10 FHD REL 32 GB 10.1 inch with Wi-Fi Only Tablet (Slate Black),13990,https://rukminim1.flixcart.com/image/312/312/k55n0y80/tablet/y/j/t/lenovo-za4y0079in-original-imafnwhkqztduncc.jpeg?q=70
917,Lenovo,Lenovo Tab M8 (2nd Gen) 32 GB 8 inch with Wi-Fi Only Tablet (Platinum Grey),8999,https://rukminim1.flixcart.com/image/312/312/k6qsn0w0/tablet/3/q/z/lenovo-za5g0047in-original-imafp4w7qvpnprv5.jpeg?q=70
918,Lenovo,Lenovo Tab M10 (HD) 32 GB 10.1 inch with Wi-Fi Only Tablet (Slate Black),9999,https://rukminim1.flixcart.com/image/312/312/k0y6cnk0/tablet/h/b/a/lenovo-za4g0007in-original-imafkmg73dzuhnxq.jpeg?q=70
919,Lenovo,Lenovo Tab V7 64 GB 6.9 Inch with Wi-Fi+4G Tablet (Onyx Black),12999,https://rukminim1.flixcart.com/image/312/312/jy3anbk0/tablet/h/v/x/lenovo-za4l0052in-original-imafgerzga3n3fvk.jpeg?q=70
920,Lenovo,Lenovo Ideapad D330 with Keyboard 128 GB 10.1 inch with Wi-Fi Only Tablet (Mineral Grey),23990,https://rukminim1.flixcart.com/image/312/312/k5o7r0w0/tablet/q/3/s/lenovo-81h30053in-original-imafzaxn3ybh7ytt.jpeg?q=70
921,Lenovo,Lenovo Tab M10 (FHD) 32 GB 10.1 inch with Wi-Fi+4G Tablet (Slate Black),16990,https://rukminim1.flixcart.com/image/312/312/jr9iwsw0/tablet/p/f/b/lenovo-tb-x605l-original-imafd3nzffhhgsqz.jpeg?q=70
922,Lenovo,Lenovo Tab M7 (2nd Gen) 8 GB 7 inch with Wi-Fi Only Tablet (Iron Grey),5499,https://rukminim1.flixcart.com/image/312/312/k55n0y80/tablet/e/f/6/lenovo-za550178in-original-imafnwhkkgwkbybs.jpeg?q=70
923,Lenovo,Lenovo Yoga 3 (2 GB RAM) 16 GB 8 inch with Wi-Fi+4G Tablet (Slate Black),13990,https://rukminim1.flixcart.com/image/312/312/tablet/g/w/k/lenovo-yt3-850m-original-imaemzaj7nh6pzzf.jpeg?q=70
924,Lenovo,Lenovo Yoga Tab 3 Pro 64 GB 10.1 inch 4 GB RAM with Integrated Rotatable Projector (Wi-Fi+4G),39990,https://rukminim1.flixcart.com/image/312/312/jr0y9ow0/tablet-refurbished/v/9/4/wi-fi-4g-32-u-yt3-x90l-lenovo-original-imaerhw9zz3hbfzz.jpeg?q=70
925,Lenovo,Lenovo Ideapad D330 with Keyboard 64 GB 10.1 inch with Wi-Fi Only Tablet (Bronze),21990,https://rukminim1.flixcart.com/image/312/312/jrjizrk0/tablet/g/f/a/lenovo-d330-10igm-original-imafdbhndgzhhtzt.jpeg?q=70
926,Lenovo,Lenovo Tab 4 8 16 GB 8 inch with Wi-Fi+4G Tablet (Slate Black),11990,https://rukminim1.flixcart.com/image/312/312/j6fcqkw0/tablet/x/f/y/lenovo-tb-8504x-original-imaewwbpzzq5nuhg.jpeg?q=70
927,Lenovo,Lenovo Tab 4 10 16 GB 10.1 inch with Wi-Fi+4G Tablet (Slate Black),14990,https://rukminim1.flixcart.com/image/312/312/jcjejrk0/tablet/x/b/h/lenovo-tb-x304l-original-imaffnfdzt577cqp.jpeg?q=70
928,Lenovo,Lenovo Tab M10 (HD) 32 GB 10.1 inch with Wi-Fi+4G Tablet (Slate Black),13990,https://rukminim1.flixcart.com/image/312/312/k0flmkw0/tablet/h/h/6/lenovo-za490027in-original-imafk8kjxpats2wh.jpeg?q=70
929,Lenovo,Lenovo Tab 4 8 Plus 64 GB 8 inch with Wi-Fi+4G Tablet (Aurora Black),21990,https://rukminim1.flixcart.com/image/312/312/jdxeykw0/tablet/3/s/x/lenovo-tab4-8-plus-original-imaffh7xzzpgetkg.jpeg?q=70
930,Lenovo,Lenovo Tab 4 8 Plus 16 GB 8 inch with Wi-Fi+4G Tablet (Aurora Black),16990,https://rukminim1.flixcart.com/image/312/312/j6fcqkw0/tablet/r/b/k/lenovo-tb-8704x-original-imaewwbp7dazpgga.jpeg?q=70
931,Lenovo,Lenovo Tab 4 10 16 GB 10.1 inch with Wi-Fi Only Tablet (Slate Black),9999,https://rukminim1.flixcart.com/image/312/312/jxw5g280/tablet/h/j/v/lenovo-za2j0100in-original-imafg8xmwhf42jmf.jpeg?q=70
932,Lenovo,Lenovo TAB P10 64 GB 10.1 inch with Wi-Fi+4G Tablet (Aurora Black),35000,https://rukminim1.flixcart.com/image/312/312/jxnksy80/tablet/5/h/d/lenovo-za450077in-original-imafg2gsvmwvnetb.jpeg?q=70
933,Lenovo,Lenovo Yoga Tab 3 16 GB 10.1 inch with Wi-Fi+4G Tablet (Slate Black),19990,https://rukminim1.flixcart.com/image/312/312/tablet/f/c/z/lenovo-yt3-x50l-4g-original-imaesbwpcfkvngyz.jpeg?q=70
934,Lenovo,Lenovo Yoga C640 Core i5 10th Gen - (8 GB/512 GB SSD/Windows 10 Home) C640-13IML 2 in 1 Laptop,74690,https://rukminim1.flixcart.com/image/312/312/k59xci80/computer/j/j/e/lenovo-yoga-c640-13iml-2-in-1-laptop-original-imafzyfghv6afjwq.jpeg?q=70
935,Lenovo,Lenovo Tab 4 10 Plus 16 GB 10.1 inch with Wi-Fi+4G Tablet (Aurora Black),24990,https://rukminim1.flixcart.com/image/312/312/j6fcqkw0/tablet/9/r/3/lenovo-tb-x704l-original-imaewwbqdnpqfgsg.jpeg?q=70
936,Lenovo,Lenovo Yoga 520 Core i3 8th Gen - (4 GB/1 TB HDD/Windows 10 Home) 520-14IKB 2 in 1 Laptop,41990,https://rukminim1.flixcart.com/image/312/312/jxw5g280/computer/x/h/a/lenovo-na-original-imafg8wyhxx3zy7c.jpeg?q=70
937,Lenovo,Lenovo 81N400EBIN Core i5 8th Gen - (8 GB/512 GB SSD/Windows 10 Home/2 GB Graphics) C340-14IWL Thin an...,74999,https://rukminim1.flixcart.com/image/312/312/k48rwcw0/computer/a/d/c/lenovo-81n400ebin-thin-and-light-laptop-original-imafn6zpx3vucgst.jpeg?q=70
938,Lenovo,Lenovo Core i3 8th Gen - (8 GB/1 TB SSD/Windows 10 Home/2 GB Graphics) C340-14IWL Thin and Light Lapto...,55990,https://rukminim1.flixcart.com/image/312/312/k0plpjk0/computer/f/q/h/lenovo-na-original-imafkg36qbpmcxrp.jpeg?q=70
939,Lenovo,Lenovo Ideapad C340 Ryzen 3 Dual Core - (4 GB/256 GB SSD/Windows 10 Home) C340-14API 2 in 1 Laptop,40109,https://rukminim1.flixcart.com/image/312/312/k48rwcw0/computer/w/v/e/lenovo-na-2-in-1-laptop-original-imafn7fyrgg9vbcf.jpeg?q=70
940,Lenovo,Lenovo Core i7 8th Gen - (16 GB/1 TB SSD/Windows 10 Home/2 GB Graphics) C340-14IWL 2 in 1 Laptop,126990,https://rukminim1.flixcart.com/image/312/312/k0plpjk0/computer/f/q/h/lenovo-na-original-imafkg36qbpmcxrp.jpeg?q=70
941,Lenovo,Lenovo Core i5 8th Gen - (8 GB/1 TB SSD/Windows 10 Home/2 GB Graphics) C340-14IWL 2 in 1 Laptop,111890,https://rukminim1.flixcart.com/image/312/312/k0plpjk0/computer/f/q/h/lenovo-na-original-imafkg36qbpmcxrp.jpeg?q=70
942,Lenovo,Lenovo Phab 2 Pro 64 GB 6.4 inch with Wi-Fi+4G Tablet (Champagne Gold),22999,https://rukminim1.flixcart.com/image/312/312/mobile/w/t/t/lenovo-phab-2-pro-pb2-690m-original-imaeqdzryyxtq4qj.jpeg?q=70
943,Lenovo,Lenovo Yoga Tab 3 Pro 32 GB 10.1 inch with Wi-Fi+4G Tablet (Puma Black),36490,https://rukminim1.flixcart.com/image/312/312/tablet/x/a/d/lenovo-yoga-tab-3-pro-original-imaehdhvdpa5cgac.jpeg?q=70
944,Lenovo,Lenovo Tab 7 Essential 16 GB 7 inch with Wi-Fi+4G Tablet (Slate Black),7999,https://rukminim1.flixcart.com/image/312/312/jmf76vk0/tablet/d/e/x/lenovo-tb-7304x-original-imaf9bzatdhuefgs.jpeg?q=70
945,Lenovo,Lenovo Tab 3 8 16 GB 8 inch with Wi-Fi+4G Tablet (Black),15000,https://rukminim1.flixcart.com/image/312/312/tablet/h/2/q/lenovo-za180067in-original-imaemy8htgachvk5.jpeg?q=70
946,Lenovo,Lenovo Core i3 8th Gen - (4 GB/512 GB SSD/Windows 10 Home) C340-14IWL 2 in 1 Laptop,74090,https://rukminim1.flixcart.com/image/312/312/jzx0wi80/computer/m/q/g/lenovo-na-2-in-1-laptop-original-imafjtyhykkmr3fz.jpeg?q=70
947,Lenovo,Lenovo Tab 2 A850 16 GB 8 inch with Wi-Fi+4G Tablet (Blue),10300,https://rukminim1.flixcart.com/image/312/312/tablet/x/k/u/lenovo-na-original-imaebg52yvmqhrvt.jpeg?q=70
948,Lenovo,"Lenovo Phab 2 (Gunmetal Gray, 32 GB)",9999,https://rukminim1.flixcart.com/image/312/312/mobile/q/d/z/lenovo-phab2-pb2-650m-original-imaezxkcub7yax7x.jpeg?q=70
949,Lenovo,Lenovo Yoga 10 Tablet,28999,https://rukminim1.flixcart.com/image/312/312/tablet/3/u/g/lenovo-yoga-10-b8000-original-imadqsqd7arkgpby.jpeg?q=70
950,Lenovo,"Lenovo A1000L Tablet (Wi-Fi, 8 GB)",5780,https://rukminim1.flixcart.com/image/312/312/tablet/g/3/a/lenovo-a1000l-original-imadsqqagh4dg4yf.jpeg?q=70
951,Lenovo,Lenovo Yoga 520 Core i5 8th Gen - (8 GB/1 TB HDD/Windows 10 Home/2 GB Graphics) 520-14IKB 2 in 1 Lapto...,59900,https://rukminim1.flixcart.com/image/312/312/jy7kyvk0/computer/x/h/t/lenovo-original-imafghtqkky2v87j.jpeg?q=70
952,Lenovo,Lenovo 80JB 32 GB 7.85 inch with Wi-Fi Only Tablet (Black),9999,https://rukminim1.flixcart.com/image/312/312/tablet/c/f/r/lenovo-miix-3-8-original-imaecruy7fhmn9hn.jpeg?q=70
953,Lenovo,Lenovo 710I 8 GB 7 inch with Wi-Fi+3G Tablet (Black),5999,https://rukminim1.flixcart.com/image/312/312/jevpj0w0/tablet/9/u/f/lenovo-tab3-7-essential-original-imaffgsydhrcxnz5.jpeg?q=70
954,Lenovo,Lenovo Tab 2 A7-20 8 GB 7 inch with Wi-Fi Only Tablet (Ebony),5000,https://rukminim1.flixcart.com/image/312/312/tablet/y/p/z/lenovo-tab-2-a7-20-original-imaeexhqwu97zd7k.jpeg?q=70
955,Lenovo,Lenovo Tab3 7 Essential 8 GB 7 inch with Wi-Fi Only Tablet (Black),4999,https://rukminim1.flixcart.com/image/312/312/tablet/j/v/2/lenovo-a710f-original-imaejbe5u2emkgys.jpeg?q=70
956,Lenovo,"Lenovo Phab 2 Plus (Champagne Gold, 32 GB)",9999,https://rukminim1.flixcart.com/image/312/312/j0wqj680/mobile/k/v/7/lenovo-phab-2-plus-pb2-670m-original-imaeshthh8unbajg.jpeg?q=70
957,Lenovo,"Lenovo Phab 2 Plus (Gunmetal Grey, 32 GB)",14990,https://rukminim1.flixcart.com/image/312/312/mobile/b/q/p/lenovo-phab-2-plus-pb2-670m-original-imaeqcpw4shswuzd.jpeg?q=70
958,Lenovo,Lenovo Yoga A12 64 GB 12.2 inch with Wi-Fi+4G Tablet (Gunmetal Grey),29990,https://rukminim1.flixcart.com/image/312/312/j1mggi80/tablet/s/f/p/lenovo-yb-q501l-original-imaet5v4mmtrx4ga.jpeg?q=70
959,Lenovo,Lenovo Tab 4 10 with Keyboard 16 GB 10.1 inch with Wi-Fi+4G Tablet (Slate Black),19990,https://rukminim1.flixcart.com/image/312/312/jmf76vk0/tablet/t/e/5/lenovo-tb-x304l-1-original-imaf9byq7zgh8yx5.jpeg?q=70
960,Lenovo,Lenovo Tab 3 16 GB 8 inch with Wi-Fi Only Tablet (Black),8499,https://rukminim1.flixcart.com/image/312/312/tablet/a/h/u/lenovo-za170189in-original-imaeh79dv62wsuwg.jpeg?q=70
961,Lenovo,Lenovo A7-30 Tablet,9500,https://rukminim1.flixcart.com/image/312/312/tablet/9/e/t/lenovo-a3300-hv-original-imaec237vdfxgur5.jpeg?q=70
962,Lenovo,Lenovo A7-50 Tablet,8999,https://rukminim1.flixcart.com/image/312/312/tablet/n/u/y/lenovo-a7-50-original-imadvw5fwagz73dj.jpeg?q=70
963,Lenovo,Lenovo Yoga Book 64 GB 10.1 inch with Wi-Fi+4G Tablet (Gunmetal Grey),44990,https://rukminim1.flixcart.com/image/312/312/jcp4b680/tablet/v/h/2/lenovo-yb1-x90l-original-imaffrsshggfx5wj.jpeg?q=70
964,iBall,iBall iTAB Moviez Pro 64 GB 10.1 inch with Wi-Fi+4G Tablet (Coal Black),14990,https://rukminim1.flixcart.com/image/312/312/k3ncakw0/tablet/z/g/7/iball-it-ksa0012-original-imafmq5cf3nb9k92.jpeg?q=70
965,iBall,iBall iTAB BizniZ 32 GB 10.1 inch with Wi-Fi+4G Tablet (Coal Black),10990,https://rukminim1.flixcart.com/image/312/312/k3ahbww0/tablet/h/d/m/iball-it-ksa0003-original-imafmg6yygbyh9nc.jpeg?q=70
966,iBall,iBall iTAB MovieZ 32 GB 10.1 inch with Wi-Fi+4G Tablet (Coal Black),10990,https://rukminim1.flixcart.com/image/312/312/k3ncakw0/tablet/z/7/r/iball-it-ksa0003mcb-original-imafmq5ct3e4hgz6.jpeg?q=70
967,iBall,iBall iTAB BizniZ 32 GB 10.1 inch with Wi-Fi+4G Tablet (Champagne Gold),10990,https://rukminim1.flixcart.com/image/312/312/k3ahbww0/tablet/j/7/7/iball-it-ksa0003-original-imafmg6yff25dzxm.jpeg?q=70
968,iBall,iBall Elan 3x32 32 GB 10.1 inch with Wi-Fi+4G Tablet (Matte Black),12999,https://rukminim1.flixcart.com/image/312/312/joacvww0/tablet/e/c/u/iball-elan-3x32-original-imafar2epncqb9ge.jpeg?q=70
969,iBall,iBall Slide Snap 4G2 16 GB 7 inch with Wi-Fi+4G Tablet (Biscuit Gold),7999,https://rukminim1.flixcart.com/image/312/312/tablet/h/p/f/iball-slide-snap-4g2-original-imaegystbqskp5ca.jpeg?q=70
970,iBall,iBall iTab BizniZ Pro 64 GB 10.1 inch with Wi-Fi+4G Tablet (Coal Black),14990,https://rukminim1.flixcart.com/image/312/312/k4k7f680/tablet/u/h/s/iball-it-ksa0012-biznizpro-original-imafnftzrdgwvhfn.jpeg?q=70
971,iBall,iBall iTab BizniZ Pro 64 GB 10.1 inch with Wi-Fi+4G Tablet (Champagne Gold),14990,https://rukminim1.flixcart.com/image/312/312/k4k7f680/tablet/x/x/q/iball-it-ksa0012-biznizpro-original-imafnftzkwchvdpb.jpeg?q=70
972,iBall,"iBall  iBall iTAB BizniZ Mini, Octa-Core Processor with Expandable Memory Up to 128GB, WiFi+4G, Coal B...",9999,https://rukminim1.flixcart.com/image/312/312/k2p1q4w0/tablet/h/9/k/iball-it-ksa0066-original-imafhzzfacqn6nzq.jpeg?q=70
973,iBall,iBall Slide Dazzle i7 8 GB 7.0 inch with Wi-Fi+3G Tablet (Midnight Blue),4490,https://rukminim1.flixcart.com/image/312/312/jjn6d8w0/tablet/x/g/r/iball-slide-dazzle-i7-original-imaf72vfdqze2wqh.jpeg?q=70
974,iBall,iBall X1 4G with VoLTE Support 16 GB 10.1 inch with Wi-Fi+4G Tablet (Bronze Gold),18000,https://rukminim1.flixcart.com/image/312/312/j3t1ocw0/tablet/z/j/g/iball-slide-brace-x1-4g-original-imaeuuuqndvfhmf4.jpeg?q=70
975,iBall,iBall Q7271-IPS20 8 GB 7 inch with Wi-Fi+3G Tablet (Gold),9699,https://rukminim1.flixcart.com/image/312/312/tablet/9/j/h/iball-3g-q7271-ips20-original-imadzerqz3tqnxh3.jpeg?q=70
976,iBall,iBall Brace XJ 32 GB 10.1 inch with Wi-Fi+4G Tablet (Gold),19999,https://rukminim1.flixcart.com/image/312/312/jox7xjk0/tablet/c/b/5/iball-brace-xj-original-imafb7z9gsaeupgg.jpeg?q=70
977,iBall,iBall Elan 4G2 Plus 16 GB 10.1 inch with Wi-Fi+4G Tablet (Cobalt Brown),15936,https://rukminim1.flixcart.com/image/312/312/jpcxrww0/tablet/z/x/f/iball-elan-4g2-plus-original-imaf9pgbfyzc3gfx.jpeg?q=70
978,iBall,iBall iTAB Moviez Pro 64 GB 10.1 inch with Wi-Fi+4G Tablet (Champagne Gold),14990,https://rukminim1.flixcart.com/image/312/312/k3ncakw0/tablet/z/d/p/iball-it-ksa0012-original-imafmq5cpf66guay.jpeg?q=70
979,iBall,iBall Slide Wings 4GP 16 GB 8 inch with Wi-Fi+4G Tablet (Silver Chrome),6499,https://rukminim1.flixcart.com/image/312/312/j1l10nk0/tablet/g/q/b/iball-slide-wings-4gp-original-imaesjgxthcdavpj.jpeg?q=70
980,iBall,iBall Slide Brillante 8 GB 7 inch with Wi-Fi+3G Tablet (Special Silver),5999,https://rukminim1.flixcart.com/image/312/312/tablet/2/n/6/iball-na-original-imaeb2rku3fhzsca.jpeg?q=70
981,iBall,iBall Slide Enzo V8 16 GB 7 inch with Wi-Fi+4G Tablet (Coyote Brown),5999,https://rukminim1.flixcart.com/image/312/312/jd4u5jk0/tablet/v/9/z/iball-aplus-original-imaf244aygckv2hv.jpeg?q=70
982,iBall,iBall Slide Snap 4g2 16 GB 7.0 inch with Wi-Fi+4G Tablet (Biscuit Gold),6999,https://rukminim1.flixcart.com/image/312/312/tablet/b/c/7/iball-snap4g2-original-imaerqgpcysxhkhw.jpeg?q=70
983,iBall,iBall Slide 3GQ1035 Tablet,17999,https://rukminim1.flixcart.com/image/312/312/tablet/e/9/p/iball-slide-3gq1035-original-imadsfzxhgxfdkm8.jpeg?q=70
984,iBall,iBall Slide 3G 7345Q-800 Tablet,9999,https://rukminim1.flixcart.com/image/312/312/tablet/4/y/p/iball-slide-3g-7345q-800-original-imadz4hzyg8gdbes.jpeg?q=70
985,iBall,iBall Bio-Mate 8 GB 8 inch with Wi-Fi+3G Tablet (Cobalt Brown),5835,https://rukminim1.flixcart.com/image/312/312/tablet/u/7/j/iball-bio-mate-original-imaej6sz5jynw28r.jpeg?q=70
986,iBall,iBall Gorgeo 4GL 8 GB 7 inch inch with Wi-Fi+4G Tablet (Black),8500,https://rukminim1.flixcart.com/image/312/312/ji3g70w0/tablet/e/v/2/iball-4gl-original-imaf5xuhhmhjvnyc.jpeg?q=70
987,iBall,iBall Nova 4G 16 GB 10.1 inch with 4G Tablet (Cobalt Blue),9490,https://rukminim1.flixcart.com/image/312/312/jx257680/tablet/h/j/r/iball-nova-original-imafhhs9kwhqztt8.jpeg?q=70
988,iBall,iBall Slide 7334Q - 10 8 GB 7 inch with Wi-Fi+3G Tablet (Grey),8799,https://rukminim1.flixcart.com/image/312/312/tablet/t/a/j/iball-slide-7334q-10-original-imadtcnehebdx8zn.jpeg?q=70
989,iBall,iBall Twinkle i5 8 GB 7 inch with Wi-Fi+3G Tablet (Dark Grey),4199,https://rukminim1.flixcart.com/image/312/312/tablet/j/3/f/iball-twinkle-i5-original-imaeqym5wqnf2uuw.jpeg?q=70
990,iBall,iBall 3G Cuddle A4 2GB 16 GB 6.95 cm with Wi-Fi+3G Tablet (Brown Gold),5400,https://rukminim1.flixcart.com/image/312/312/tablet/8/p/k/iball-3g-cuddle-a4-2gb-original-imae9hcwhpbbw5jv.jpeg?q=70
991,iBall,iBall Gorgeo 4GL 8 GB 7 inch with 4G Tablet (Black),5280,https://rukminim1.flixcart.com/image/312/312/j6mhxu80/tablet/s/j/f/iball-gorgeo-4gl-original-imaewxb8g6a7jubx.jpeg?q=70
992,iBall,iBall D7061 8 GB 7 inch with Wi-Fi+3G Tablet (Black),3490,https://rukminim1.flixcart.com/image/312/312/tablet/5/f/6/i-ball-d7061-original-imaefyuzatuurmzv.jpeg?q=70
993,iBall,iBall Q45i+ 8 GB 7 inch with Wi-Fi+3G Tablet (Black),5000,https://rukminim1.flixcart.com/image/312/312/tablet/6/t/k/iball-q45i-original-imaefuwpggwbvnmd.jpeg?q=70
994,iBall,iBall Majestic 01 16 GB 10.1 inch with Wi-Fi+3G Tablet (Black),7490,https://rukminim1.flixcart.com/image/312/312/jzog9e80/tablet/z/d/g/iball-majestic-01-original-imafjm4zxrfkeszd.jpeg?q=70
995,iBall,iBall Q9703 Tablet,16999,https://rukminim1.flixcart.com/image/312/312/tablet/u/v/f/iball-q9703-original-imadhpdygjv6nzet.jpeg?q=70
996,iBall,iBall DD-1GB 8 GB 7 inch with Wi-Fi+3G Tablet (Star Grey),4099,https://rukminim1.flixcart.com/image/312/312/tablet/t/a/t/iball-dd-1gb-original-imaep69h4gtudpu4.jpeg?q=70
997,iBall,iBall Spirit x2 8 GB 7 inch with Wi-Fi+4G Tablet (Jet Black),5199,https://rukminim1.flixcart.com/image/312/312/jn4x47k0/tablet/g/c/c/iball-spirit-x2-original-imaf9tygfyzefhzn.jpeg?q=70
998,iBall,iBall Avid 16 GB 8 inch with 4G Tablet (Slate Grey),7450,https://rukminim1.flixcart.com/image/312/312/jvo4scw0/tablet/s/p/p/iball-slide-avid-original-imafggskpcwfgxjw.jpeg?q=70
999,iBall,iBall Slide i9018 Tablet,10499,https://rukminim1.flixcart.com/image/312/312/tablet/p/x/f/iball-slide-i9018-original-imadnx7f2rjssnjf.jpeg?q=70
1000,iBall,iBall Slide WQ 77 Tablet,9999,https://rukminim1.flixcart.com/image/312/312/tablet/y/3/t/iball-slide-wq-77-original-imae8h6rfx9fhc2s.jpeg?q=70
1001,iBall,iBall Cuddle A4 16 GB 7'' inch with Wi-Fi+3G Tablet (Brown),7999,https://rukminim1.flixcart.com/image/312/312/tablet/k/w/r/i-ball-i-ball-slide-cuddle-a4-original-imae953esectba6h.jpeg?q=70
1002,iBall,iBall Slide i701 Tablet with 3 Protective Covers and HDMI Cable,5200,https://rukminim1.flixcart.com/image/312/312/tablet/k/t/k/iball-slide-i701-original-imae7rjfduzvhwy7.jpeg?q=70
1003,iBall,iBall iBall Cleo S9 Tablet (Black) 16 GB 7 inch with 4G Tablet (Black),6290,https://rukminim1.flixcart.com/image/312/312/k2w6xe80/tablet/h/m/k/iball-slide-cleo-s9-original-imafm52j6h9nxqpg.jpeg?q=70
1004,iBall,iBall Slide D7061 8 GB 7 inch with Wi-Fi+3G Tablet (Charcoal Blue),3400,https://rukminim1.flixcart.com/image/312/312/tablet/7/v/b/iball-d7061-original-imaek4djyvjxe4he.jpeg?q=70
1005,iBall,iBall 3G Q45 512MB 8 GB 7 cm with Wi-Fi+3G Tablet (Special Grey),5665,https://rukminim1.flixcart.com/image/312/312/tablet/u/q/k/iball-3g-q45-512mb-original-imae9hcwyz7nzhbj.jpeg?q=70
1006,iBall,iBall 3G i80 16 GB 8 inch with Wi-Fi+3G Tablet (Choco Brown),6999,https://rukminim1.flixcart.com/image/312/312/tablet/r/d/9/iball-3g-i80-original-imae7ky9pbychc3g.jpeg?q=70
1007,iBall,iBall Q7218 8 GB 7 inch with Wi-Fi+3G Tablet (Black),5071,https://rukminim1.flixcart.com/image/312/312/tablet/x/3/s/iball-q7218-original-imaefpvhyzxz9cph.jpeg?q=70
1008,iBall,iBall Slide Q45 16 GB 7 inch with Wi-Fi+3G Tablet (Cobalt Brown),5299,https://rukminim1.flixcart.com/image/312/312/tablet/p/w/j/iball-na-original-imaeeyebw85hht93.jpeg?q=70
1009,iBall,iBall Slide Brace-X1 Tablet,10999,https://rukminim1.flixcart.com/image/312/312/tablet/t/g/g/iball-slide-brace-x1-original-imae62hursbwc8wg.jpeg?q=70
1010,iBall,iBall Slide Iris Drishti 8 GB 7.0 inch with Wi-Fi+3G Tablet (Rugged Black),5199,https://rukminim1.flixcart.com/image/312/312/jjiw1ow0/tablet/j/x/g/iball-slide-iris-drishti-original-imaf7frbktepg5nx.jpeg?q=70
1011,iBall,iBall Gorgeo4G 8 GB 7.0 inch with Wi-Fi+4G Tablet (Black Silver),5199,https://rukminim1.flixcart.com/image/312/312/tablet/e/f/g/iball-gorgeo-4gi-original-imaefn2hnqrd87gz.jpeg?q=70
1012,iBall,iBall 6318i Tablet,6599,https://rukminim1.flixcart.com/image/312/312/tablet/5/p/t/iball-6318i-original-imadmkaxgdegxpzq.jpeg?q=70
1013,iBall,iBall Q45i 16 GB 7 inch with Wi-Fi+3G Tablet (Metallic Grey),4999,https://rukminim1.flixcart.com/image/312/312/tablet/j/d/g/iball-q45i-original-imaephscfpgxjcub.jpeg?q=70
1014,iBall,iBall Slide PenBook 32 GB 10.1 inch with Wi-Fi Only Tablet (Ocean Blue),19999,https://rukminim1.flixcart.com/image/312/312/j8lxyfk0/tablet/a/x/h/iball-slide-penbook-original-imaeyhezrnsrzxfe.jpeg?q=70
1015,iBall,iBall Slide Brace XJ 32 GB 10.1 inch with Wi-Fi+4G Tablet (Bronze Gold),14999,https://rukminim1.flixcart.com/image/312/312/jf8khow0/tablet/x/j/r/iball-brace-xj-original-imaf3qqvvwc8fwjj.jpeg?q=70
1016,iBall,iBall Slide Octa A41 Tablet,6499,https://rukminim1.flixcart.com/image/312/312/tablet/q/t/a/iball-slide-octa-a41-original-imae58mbm2z9wxhz.jpeg?q=70
1017,iBall,iBall Slide 6351 Q400i 8 GB 7 inch with Wi-Fi Only Tablet (Black),3299,//img1a.flixcart.com/www/linchpin/fk-cp-zion/img/placeholder_9951d0.svg
1018,Alcatel,Alcatel 3T 10 16 GB 10 inch with Wi-Fi+4G Tablet (Prime Black),9999,https://rukminim1.flixcart.com/image/312/312/jxz0brk0/tablet/z/7/f/alcatel-8088t-3aalin1-a-original-imafgbephybye6fy.jpeg?q=70
1019,Alcatel,Alcatel 3T8 16 GB 8 inch with Wi-Fi+4G Tablet (Metallic Black),8999,https://rukminim1.flixcart.com/image/312/312/jm6mjrk0/tablet/n/q/g/alcatel-9027q-original-imaf95gggggtmt7k.jpeg?q=70
1020,Alcatel,Alcatel 3T 8 32 GB 8 inch with Wi-Fi+4G Tablet (Metallic Black),9999,https://rukminim1.flixcart.com/image/312/312/jggv53k0/tablet/3/q/d/alcatel-9027q-original-imaf4pbjsntwsuuc.jpeg?q=70
1021,Alcatel,Alcatel 1T7 8 GB 7 inch with Wi-Fi Only Tablet (Premium Black),4299,https://rukminim1.flixcart.com/image/312/312/jm6mjrk0/tablet/5/g/a/alcatel-8067-original-imaf95gkmzxyhdf7.jpeg?q=70
1022,Alcatel,Alcatel 3T 10 with Keyboard 16 GB 10 inch with Wi-Fi+4G Tablet (Prime Black),14999,https://rukminim1.flixcart.com/image/312/312/k55n0y80/tablet/j/a/3/alcatel-8088t-3balin1-b-original-imafgbeprugdjxet.jpeg?q=70
1023,Alcatel,Alcatel 3T 10 with Keyboard 16 GB 10 inch with Wi-Fi+4G Tablet (Midnight Blue),14999,https://rukminim1.flixcart.com/image/312/312/k55n0y80/tablet/j/a/3/alcatel-8088t-3balin1-b-original-imafgbeprugdjxet.jpeg?q=70
1024,Alcatel,Alcatel 1T7 8 GB 7 inch with Wi-Fi Only Tablet (Bluish Black),4299,https://rukminim1.flixcart.com/image/312/312/jm6mjrk0/tablet/z/u/b/alcatel-8067-original-imaf95gkqxpfufdk.jpeg?q=70
1025,Alcatel,Alcatel 3T10 with Speaker 16 GB 10 inch with Wi-Fi+4G Tablet (Prime Black),14999,https://rukminim1.flixcart.com/image/312/312/jxz0brk0/tablet/z/7/f/alcatel-8088t-3aalin1-a-original-imafgbeqwqwcefym.jpeg?q=70
1026,Alcatel,Alcatel 3T10 with Speaker 16 GB 10 inch with Wi-Fi+4G Tablet (Midnight Blue),14999,https://rukminim1.flixcart.com/image/312/312/jydaqa80/tablet/7/z/y/alcatel-8088q-3balin1-a-original-imafgmdgzxajwpdj.jpeg?q=70
1027,Alcatel,"Alcatel 3V (Spectrum Blue, 32 GB)",10999,https://rukminim1.flixcart.com/image/312/312/jg15aq80/mobile/8/8/5/alcatel-3v-na-original-imaf4d4qhpucfzd7.jpeg?q=70
1028,Alcatel,Alcatel Pop 4 16 GB 10.1 inch with Wi-Fi+4G Tablet (Grey),11149,https://rukminim1.flixcart.com/image/312/312/j9pyaa80/tablet/y/r/y/alcatel-9030q-original-imaezggefh2vhbbq.jpeg?q=70
1029,Alcatel,Alcatel 3T8 16 GB 8 inch with Wi-Fi+4G Tablet (Suede blue),8999,https://rukminim1.flixcart.com/image/312/312/jm6mjrk0/tablet/y/c/n/alcatel-9027q-original-imaf95gea6vx5q7x.jpeg?q=70
1030,Alcatel,Alcatel A3 10 32 GB 10.1 inch with Wi-Fi+4G Tablet (Black),9999,https://rukminim1.flixcart.com/image/312/312/jfwuz680/tablet/s/z/n/alcatel-9026t-2efkin4-original-imaf49w26uw73mqb.jpeg?q=70
1031,Alcatel,Alcatel 1T 16 GB 10 inch with Wi-Fi Only Tablet (Bluish Black),6999,https://rukminim1.flixcart.com/image/312/312/jxnksy80/tablet/u/h/n/alcatel-8082-original-imafg2c3azhdg5k3.jpeg?q=70
1032,Alcatel,Alcatel PIXI 4 16 GB 7 inch with Wi-Fi+4G Tablet (Volcano Black),6999,https://rukminim1.flixcart.com/image/312/312/j3dbtzk0/tablet/g/h/3/alcatel-9015q-original-imaeugnhzeswznfy.jpeg?q=70
1033,Alcatel,Alcatel 3T 10 32 GB 10 inch with Wi-Fi+4G Tablet (Prime Black),11999,https://rukminim1.flixcart.com/image/312/312/jxz0brk0/tablet/z/7/f/alcatel-8088t-3aalin1-a-original-imafgbephybye6fy.jpeg?q=70
1034,Alcatel,"Alcatel A3 10 (VOLTE) 16 GB 10.1 inch with Wi-Fi+4G Tablet (White, Blue)",9999,https://rukminim1.flixcart.com/image/312/312/jfwuz680/tablet/g/x/q/alcatel-9026t-2cfkin4-original-imaeych7yjnqxzvh.jpeg?q=70
1035,Alcatel,Alcatel A3 10 (VOLTE) 16 GB 10.1 inch with Wi-Fi+4G Tablet (Black),8999,https://rukminim1.flixcart.com/image/312/312/j7qi9ow0/tablet/q/u/2/alcatel-9026t-original-imaexwzrwg4zrxkq.jpeg?q=70
1036,Alcatel,"Alcatel A3 10 32 GB 10.1 inch with Wi-Fi+4G Tablet (White, Blue)",11999,https://rukminim1.flixcart.com/image/312/312/jfwuz680/tablet/g/x/q/alcatel-9026t-2cfkin4-original-imaeych7yjnqxzvh.jpeg?q=70
1037,Alcatel,Alcatel 3T 10 16 GB 10 inch with Wi-Fi+4G Tablet (Midnight Blue),9999,https://rukminim1.flixcart.com/image/312/312/k547l3k0/tablet/j/k/r/alcatel-8088q-3balin1-b-original-imafgbeqye3spx8x.jpeg?q=70
1038,Alcatel,"Alcatel 3V (Spectrum Gold, 32 GB)",5999,https://rukminim1.flixcart.com/image/312/312/jgb5dow0/mobile/u/5/y/alcatel-3v-na-original-imaf4d4z9bnruxjf.jpeg?q=70
1039,Alcatel,Alcatel A3 10 16 GB 10 inch with Wi-Fi Only Tablet (Black),6999,https://rukminim1.flixcart.com/image/312/312/jgcktjk0/tablet/u/h/t/alcatel-8080-original-imaf4hz7kjhgzejb.jpeg?q=70
1040,Alcatel,Alcatel Pop 4 with Keyboard 16 GB 10.1 inch with Wi-Fi+4G Tablet (Dark Grey),11999,https://rukminim1.flixcart.com/image/312/312/j9pyaa80/tablet/y/r/y/alcatel-9030q-original-imaezggffpwaha7p.jpeg?q=70
1041,Alcatel,"Alcatel A3 10 32 GB 10.1 inch with Wi-Fi+4G Tablet (White, Grey)",11999,//img1a.flixcart.com/www/linchpin/fk-cp-zion/img/placeholder_9951d0.svg
1042,Honor,Honor Pad 5 64 GB 10.1 inch with Wi-Fi+4G Tablet (Glacial Blue),18999,https://rukminim1.flixcart.com/image/312/312/jx257680/tablet/6/p/6/honor-ags2-al00hn-original-imafhhyffzwnz2pw.jpeg?q=70
1043,Honor,Honor Pad 5 64 GB 8 inch with Wi-Fi+4G Tablet (Glacial Blue),17499,https://rukminim1.flixcart.com/image/312/312/jx257680/tablet/4/s/v/honor-jdn2-al00hn-original-imafhhyfhhmyfjwg.jpeg?q=70
1044,Honor,Honor MediaPad T3 32 GB 8 inch with Wi-Fi+4G Tablet (Luxurious Gold),11999,https://rukminim1.flixcart.com/image/312/312/jg2kqkw0/tablet/y/n/z/honor-kob-l09-original-imaf4e8ugfhgh5ap.jpeg?q=70
1045,Honor,Honor Pad 5 32 GB 8 inch with Wi-Fi+4G Tablet (Glacial Blue),15499,https://rukminim1.flixcart.com/image/312/312/jx257680/tablet/4/s/v/honor-jdn2-al00hn-original-imafhhyfhhmyfjwg.jpeg?q=70
1046,Honor,Honor MediaPad T3 10 32 GB 9.6 inch with Wi-Fi+4G Tablet (Luxurious Gold),13999,https://rukminim1.flixcart.com/image/312/312/j80icnk0/tablet/a/n/8/honor-ags-l09-original-imaey3sggrzmsvjf.jpeg?q=70
1047,Honor,Honor MediaPad T3 16 GB 8 inch with Wi-Fi+4G Tablet (Luxurious Gold),9999,https://rukminim1.flixcart.com/image/312/312/jezzukw0/tablet/q/7/w/honor-kob-l09-original-imaf3k3vhaa2qs3s.jpeg?q=70
1048,Honor,Honor Pad 5 32 GB 10.1 inch with Wi-Fi+4G Tablet (Glacial Blue),16999,https://rukminim1.flixcart.com/image/312/312/jx257680/tablet/6/p/6/honor-ags2-al00hn-original-imafhhyffzwnz2pw.jpeg?q=70
1049,Honor,Honor MediaPad T3 10 16 GB 9.6 inch with Wi-Fi+4G Tablet (Luxurious Gold),11999,https://rukminim1.flixcart.com/image/312/312/j80icnk0/tablet/a/n/8/honor-ags-l09-original-imaey3sggrzmsvjf.jpeg?q=70
1050,Honor,Honor MediaPad T2 16 GB 7 inch with Wi-Fi+4G Tablet (Champagne Gold),9999,https://rukminim1.flixcart.com/image/312/312/j6pctjk0/tablet/z/y/h/honor-bgo-dl09-original-imaex3uwbdgyvhja.jpeg?q=70
1051,Honor,Honor T1 7.0 8 GB 7 inch with Wi-Fi+3G Tablet (Silver),5800,https://rukminim1.flixcart.com/image/312/312/tablet/e/q/g/huawei-t1-7-original-imaejja5mu52jky8.jpeg?q=70
1052,Acer,Acer Spin 1 Pentium Quad Core - (4 GB/500 GB HDD/Windows 10 Home) SP111-33-P50R 2 in 1 Laptop,19990,https://rukminim1.flixcart.com/image/312/312/jzrb53k0pkrrdj/computer/c/v/g/acer-na-2-in-1-laptop-original-imafhyrxzuzzkgfx.jpeg?q=70
1053,Acer,Acer Spin 5 Core i7 8th Gen - (8 GB/512 GB SSD/Windows 10 Home) SP513-52N-89FP 2 in 1 Laptop,65990,https://rukminim1.flixcart.com/image/312/312/jz1l7rk0/computer/7/6/d/acer-original-imafj5dpyuhx82bj.jpeg?q=70
1054,Acer,Acer Iconia Talk 7 B1-723 16 GB 7 inch with 3G Tablet (Black),5199,https://rukminim1.flixcart.com/image/312/312/jlwmgsw0/tablet/t/m/g/acer-b1-723-k85v-original-imaf8wfwqfynqh4m.jpeg?q=70
1055,Acer,Acer Iconia Tab 8 W W1-810 32 GB 8 inch with Wi-Fi Only Tablet (White),6999,https://rukminim1.flixcart.com/image/312/312/tablet/u/f/p/acer-w1-810-17uq-original-imaehghm3zqyb7k9.jpeg?q=70
1056,Asus,Asus ZenBook Flip 3 Core i5 8th Gen - (8 GB/512 GB SSD/Windows 10 Home) UX362FA-EL501T 2 in 1 Laptop,80500,https://rukminim1.flixcart.com/image/312/312/jz7az680/computer/p/p/7/asus-na-2-in-1-laptop-original-imafj9vgwcdhwxeq.jpeg?q=70
1057,Asus,Asus ZenBook Flip 14 Ryzen 5 Quad Core 2nd Gen - (8 GB/512 GB SSD/Windows 10 Home) UM462DA-AI501TS 2 i...,65100,https://rukminim1.flixcart.com/image/312/312/k2jbyq80/computer/f/f/e/asus-na-2-in-1-laptop-original-imafhv8yj45puypq.jpeg?q=70
1058,Asus,Google Nexus 7C - 1B013A 2012 Tablet,21999,https://rukminim1.flixcart.com/image/312/312/tablet/a/e/t/asus-nexus7c-1b046a-original-imadkhxgqffhgzfp.jpeg?q=70
1059,Asus,Google Nexus 7 2012 Tablet,15999,https://rukminim1.flixcart.com/image/312/312/tablet/f/k/t/asus-nexus-7-original-imadngwf2gk44dyd.jpeg?q=70
1060,Asus,"Google Nexus 7 2013 Tablet (Wi-Fi, 32 GB)",23999,https://rukminim1.flixcart.com/image/312/312/tablet/n/p/w/asus-nexus-7-32-gb-original-imadtjm2abugmszs.jpeg?q=70
1061,Asus,Google Nexus 7 C 2013 Tablet,27999,https://rukminim1.flixcart.com/image/312/312/tablet/b/a/a/asus-nexus7-1a029a-original-imadqrhzk6y5zrxf.jpeg?q=70
1062,Asus,Asus ZenPad C 7.0 Z170CG 8 GB 7 inch with Wi-Fi+3G Tablet (Red),9499,https://rukminim1.flixcart.com/image/312/312/tablet/e/h/k/asus-z170cg-original-imaeck29dsgdkdph.jpeg?q=70
1063,Asus,Asus ZenPad C 7.0 Z170CG 8 GB 7 inch with Wi-Fi+3G Tablet (Black),9299,https://rukminim1.flixcart.com/image/312/312/tablet/p/y/y/asus-z170cg-original-imaeck28afcztfky.jpeg?q=70
1064,Asus,Asus ZenPad 7.0 16 GB 7 inch with Wi-Fi+3G Tablet (Metallic),12499,https://rukminim1.flixcart.com/image/312/312/tablet/d/u/r/asus-z370cg-original-imaebq9hramcyjwj.jpeg?q=70
1065,Asus,Asus TF103CG 8 GB 10.1 inch with Wi-Fi+3G Tablet (Black),9490,https://rukminim1.flixcart.com/image/312/312/j752nww0/tablet/a/h/3/asus-tf103cg-original-imaexgf2g6zs3ews.jpeg?q=70
1066,Asus,Asus PadFone,64999,https://rukminim1.flixcart.com/image/312/312/tablet/y/j/q/asus-padfone-original-imadewujhhrfbu6a.jpeg?q=70
1067,Asus,Asus Zenpad 8.0 380KL 16 GB 8 inch with Wi-Fi+4G Tablet (Black),15999,https://rukminim1.flixcart.com/image/312/312/tablet/b/z/8/asus-z380kl-original-imaecmcfzya76e2h.jpeg?q=70
1068,Asus,Asus Fonepad Tablet,15999,https://rukminim1.flixcart.com/image/312/312/tablet/k/e/c/asus-fonepad-original-imadmhmvrckh72gq.jpeg?q=70
1069,Asus,Asus FE380CG-1A071A/ 1A084A Fonepad 8 Tablet,14490,https://rukminim1.flixcart.com/image/312/312/tablet/g/z/v/asus-fe380cg-1a071a-original-imae3mwzcxgdsrxg.jpeg?q=70
1070,Asus,Google Nexus 7 2012 Tablet,18999,https://rukminim1.flixcart.com/image/312/312/tablet/y/g/m/asus-nexus7-1b085a-original-imadkhxgybkuypc4.jpeg?q=70
1071,Asus,Asus Fonepad 7 ME175CG Dual Sim Tablet,12999,https://rukminim1.flixcart.com/image/312/312/tablet/s/w/y/asus-me175cg-1a007a-original-imadvfhqza6vsugm.jpeg?q=70
1072,Asus,Asus Tablet FE171,10999,https://rukminim1.flixcart.com/image/312/312/tablet/g/5/v/asus-fe171-original-imae56cax4bt4vcq.jpeg?q=70
1073,Asus,Asus Tablet FE171,10999,https://rukminim1.flixcart.com/image/312/312/tablet/n/z/a/asus-fe171-original-imae56catuaechha.jpeg?q=70
1074,Asus,Asus ZenPad Theater 8.0 16 GB 8 inch with Wi-Fi+4G Tablet (Black),17499,https://rukminim1.flixcart.com/image/312/312/tablet/r/b/x/asus-z380kl-1a086a-original-imaeftw7bcpbdezy.jpeg?q=70
1075,Asus,Asus Tablet ME581,16950,https://rukminim1.flixcart.com/image/312/312/tablet/h/q/7/asus-me581-original-imae56catej9p5wu.jpeg?q=70
1076,Asus,Asus Fonepad 7 FE170CG 4 GB 7 inch with Wi-Fi+3G Tablet (Black),9499,https://rukminim1.flixcart.com/image/312/312/tablet/h/s/5/asus-fonepad-7-2014-fe170cg-original-imae3jgxptbwpaeb.jpeg?q=70
1077,Asus,Google Nexus 7 2013 Tablet,14490,https://rukminim1.flixcart.com/image/312/312/tablet/b/a/a/asus-nexus7-1a029a-original-imadqrhzk6y5zrxf.jpeg?q=70
1078,Asus,Asus Fonepad 7 ME175CG Dual Sim Tablet,11480,https://rukminim1.flixcart.com/image/312/312/tablet/b/w/f/asus-me175cg-1b010a-original-imadvfhqzzgtfmdh.jpeg?q=70
1079,Asus,Asus Zenpad 8.0 380KL 16 GB 8 inch with Wi-Fi+4G Tablet (Metallic),15999,https://rukminim1.flixcart.com/image/312/312/tablet/m/z/d/asus-z380kl-original-imaecmcfnfjfmzmw.jpeg?q=70
1080,BSNL,BSNL Champion Wtab - 706 4 GB 7 inch with Wi-Fi+3G Tablet (Black),3999,https://rukminim1.flixcart.com/image/312/312/tablet/s/w/j/champion-wtab-706-original-imadxx7w9zfkaygf.jpeg?q=70
1081,Byju's,Byju's CAT 2016 Preparation 8 GB 7 inch with Wi-Fi Only Tablet (Black),28000,https://rukminim1.flixcart.com/image/312/312/tablet/e/6/g/byju-s-bcat16t-original-imaen576a7fmyrzz.jpeg?q=70
1082,Celkon,Celkon 4G Tab-7 8 GB 7 inch with Wi-Fi+4G Tablet (Black),6450,https://rukminim1.flixcart.com/image/312/312/tablet/v/u/q/celkon-original-imaegg4sfy4fweaj.jpeg?q=70
1083,Celkon,Celkon Diamond 4G Tab 8 8 GB 8 inch with Wi-Fi+4G Tablet (White & Grey),7499,https://rukminim1.flixcart.com/image/312/312/tablet/h/f/x/celkon-diamond-4g-tab-8-original-imaemn87nkfdqyk6.jpeg?q=70
1084,Celkon,Celkon Diamond 4G Tab 8 8 GB 8 inch with Wi-Fi+4G Tablet (White & Gold),7340,https://rukminim1.flixcart.com/image/312/312/tablet/u/g/g/celkon-diamond-4g-tab-8-original-imaemn6ypckfbhjy.jpeg?q=70
1085,D-Link,D-Link D100 16 GB 7.85 inch with Wi-Fi+3G Tablet (Pearl White),6999,https://rukminim1.flixcart.com/image/312/312/tablet/h/f/g/d-link-d100-original-imaeqdzgfbfgrztg.jpeg?q=70
1086,D-Link,D-Link D100 Tablet,6999,https://rukminim1.flixcart.com/image/312/312/tablet/e/b/d/d-link-d100-original-imae9fb8pcg5mwgu.jpeg?q=70
1087,Dell,Dell Inspiron 14 5000 Series Core i3 8th Gen - (4 GB/1 TB HDD/Windows 10 Home) 5482 2 in 1 Laptop,43990,https://rukminim1.flixcart.com/image/312/312/k2tc1ow0pkrrdj/computer/6/z/g/dell-na-2-in-1-laptop-original-imafhbhz6gftuasg.jpeg?q=70
1088,Dell,Dell Inspiron 13 7000 Series Core i5 8th Gen - (8 GB/256 GB SSD/Windows 10 Home) insp 7386 2 in 1 Lapt...,74990,https://rukminim1.flixcart.com/image/312/312/jwpa8i80/computer/y/6/e/dell-na-2-in-1-laptop-original-imafhbmyjyymjftv.jpeg?q=70
1089,Dell,Dell Inspiron 14 5000 Series Core i3 8th Gen - (8 GB/1 TB HDD/Windows 10 Home/2 GB Graphics) 5482 2 in...,65900,https://rukminim1.flixcart.com/image/312/312/k2tc1ow0pkrrdj/computer/6/z/g/dell-na-2-in-1-laptop-original-imafhbhz6gftuasg.jpeg?q=70
1090,Dell,Dell Venue 7 16 GB Tablet,10990,https://rukminim1.flixcart.com/image/312/312/tablet/z/n/t/dell-venue-7-16-gb-original-imae27kvz8hfh9hf.jpeg?q=70
1091,Dell,Dell Venue 7 3741 Tablet,5999,https://rukminim1.flixcart.com/image/312/312/tablet/u/6/y/dell-venue-7-3000-original-imae4er468mymja2.jpeg?q=70
1092,Dell,Dell Inspiron 3000 Core i3 10th Gen - (4 GB/256 GB SSD/Windows 10 Home) 5491 Laptop,42999,https://rukminim1.flixcart.com/image/312/312/k5r2mq80/computer/c/r/z/dell-na-laptop-original-imafzd3jffygyrym.jpeg?q=70
1093,Dell,Dell Inspiron 13 7000 Series Core i7 8th Gen - (16 GB/512 GB SSD/Windows 10 Home) insp 7386 2 in 1 Lap...,96990,https://rukminim1.flixcart.com/image/312/312/jwpa8i80/computer/y/6/e/dell-na-2-in-1-laptop-original-imafhbmycqgjgzgx.jpeg?q=70
1094,Dell,Dell Venue 8 (3840) with Voice Call 16 GB 8 inch with Wi-Fi+3G Tablet (Black),13400,https://rukminim1.flixcart.com/image/312/312/tablet/8/g/n/dell-venue-8-3840-with-voice-call-original-imae24jqenjtgrtf.jpeg?q=70
1095,Dell,Dell Venue 8 Pro 32 GB 8.0 inch with Wi-Fi Only Tablet (Black),7999,//img1a.flixcart.com/www/linchpin/fk-cp-zion/img/placeholder_9951d0.svg
1096,Google,Google Nexus 9 16 GB 8.9 inch with Wi-Fi Only Tablet (Lunar White),18900,https://rukminim1.flixcart.com/image/312/312/tablet/m/p/d/google-nexus-9-original-imaeabvgwqx4zygg.jpeg?q=70
1097,Google,Google Nexus 9 Wifi/Cellular 32 GB Tablet 32 GB 8.9 inch with Wi-Fi+4G Tablet (Indigo Black),39990,https://rukminim1.flixcart.com/image/312/312/tablet/c/m/e/google-0p82100-16-blk-original-imae9t5bq4uxbygn.jpeg?q=70
1098,HCL,HCL ME Tablet U1,4999,https://rukminim1.flixcart.com/image/312/312/tablet/w/z/p/hcl-u1-original-imad8ty9yheahphp.jpeg?q=70
1099,HCL,HCL ME Tablet X1,8299,https://rukminim1.flixcart.com/image/312/312/tablet/c/a/z/hcl-x1-original-imad6uzgzuj9rhjx.jpeg?q=70
1100,HP,HP Pavilion x360 Core i3 8th Gen - (4 GB/256 GB SSD/Windows 10 Home) 14-dh0107TU 2 in 1 Laptop,42130,https://rukminim1.flixcart.com/image/312/312/jvzkb680/computer/y/z/s/hp-na-2-in-1-laptop-original-imafghn4xssgnhee.jpeg?q=70
1101,HP,HP Pavilion x360 14 Core i3 10th Gen - (4 GB/256 GB SSD/Windows 10 Home) 14-dh1006TU 2 in 1 Laptop,44775,https://rukminim1.flixcart.com/image/312/312/k23m4cw0/computer/g/w/5/hp-na-2-in-1-laptop-original-imafhgx6jkfu2mzn.jpeg?q=70
1102,HP,HP Chromebook Celeron Dual Core - (4 GB/64 GB EMMC Storage/Chrome OS) 14-ca002TU Laptop,22990,https://rukminim1.flixcart.com/image/312/312/jzx0wi80/computer/c/t/5/hp-na-original-imafjtwhfcygzgge.jpeg?q=70
1103,HP,HP Spectre x360 Core i5 10th Gen - (8 GB/512 GB SSD/Windows 10 Home) 13-aw0204TU 2 in 1 Laptop,99990,https://rukminim1.flixcart.com/image/312/312/k41mp3k0/computer/j/s/w/hp-na-original-imafnf6zfguz55vk.jpeg?q=70
1104,HP,HP Pavilion x360 Core i3 8th Gen - (4 GB/256 GB SSD/Windows 10 Home) 14-dh0101TU 2 in 1 Laptop,45990,https://rukminim1.flixcart.com/image/312/312/jwkzwy80/computer/s/f/f/hp-na-2-in-1-laptop-original-imafh43uz4swzfvn.jpeg?q=70
1105,HP,HP Pavilion x360 14 Core i3 10th Gen - (4 GB/1 TB HDD/256 GB SSD/Windows 10 Home) 14-dh1008TU 2 in 1 L...,53390,https://rukminim1.flixcart.com/image/312/312/k23m4cw0/computer/u/h/y/hp-na-2-in-1-laptop-original-imafhgp6thtpfzgs.jpeg?q=70
1106,HP,HP Pavilion x360 Core i3 8th Gen - (4 GB/1 TB HDD/256 GB SSD/Windows 10 Home) 14-dh0047TU 2 in 1 Lapto...,59135,https://rukminim1.flixcart.com/image/312/312/jvzkb680/computer/y/z/s/hp-na-2-in-1-laptop-original-imafghn4xssgnhee.jpeg?q=70
1107,HP,HP Pavilion x360 14 Core i3 10th Gen - (4 GB/256 GB SSD/Windows 10 Home) 14-dh1007TU 2 in 1 Laptop,47440,https://rukminim1.flixcart.com/image/312/312/k23m4cw0/computer/g/w/5/hp-na-2-in-1-laptop-original-imafhgx6jkfu2mzn.jpeg?q=70
1108,HP,HP ChromeBook Celeron Dual Core - (4 GB/64 GB EMMC Storage/Chrome OS) 12b-ca0006TU Chromebook,29431,https://rukminim1.flixcart.com/image/312/312/k3j1z0w0/computer/w/c/y/hp-na-original-imafmn95424zhys2.jpeg?q=70
1109,HP,HP Chromebook Celeron Dual Core - (4 GB/64 GB EMMC Storage/Chrome OS) 14-ca003TU Laptop,22990,https://rukminim1.flixcart.com/image/312/312/jzx0wi80/computer/f/y/f/hp-na-original-imafjtwhs5uawzhv.jpeg?q=70
1110,HP,HP Chromebook x360 Core i3 8th Gen - (8 GB/64 GB EMMC Storage/Chrome OS) 14-da0003TU 2 in 1 Laptop,44990,https://rukminim1.flixcart.com/image/312/312/jz1l7rk0/computer/k/h/n/hp-na-2-in-1-laptop-original-imafj5dmytf23sve.jpeg?q=70
1111,HP,HP Pavilion x360 Core i5 10th Gen - (8 GB/256 GB SSD/Windows 10 Home) 14-dh1010TU 2 in 1 Laptop,67990,https://rukminim1.flixcart.com/image/312/312/k0cqqvk0/computer/6/u/f/hp-na-original-imafk64ya8dccvt8.jpeg?q=70
1112,HP,HP ChromeBook Celeron Dual Core - (4 GB/64 GB EMMC Storage/Chrome OS) 14b-ca0015TU Chromebook,33990,https://rukminim1.flixcart.com/image/312/312/k3j1z0w0/computer/f/r/z/hp-na-original-imafmn95xzjac2ac.jpeg?q=70
1113,HP,HP Chromebook x360 Core i5 8th Gen - (8 GB/64 GB EMMC Storage/Chrome OS) 14-da0004TU 2 in 1 Laptop,51990,https://rukminim1.flixcart.com/image/312/312/jz1l7rk0/computer/k/h/n/hp-na-2-in-1-laptop-original-imafj5dmytf23sve.jpeg?q=70
1114,HP,HP Pavilion x360 Core i3 8th Gen - (4 GB/1 TB HDD/256 GB SSD/Windows 10 Home/2 GB Graphics) 14-dh0044T...,55990,https://rukminim1.flixcart.com/image/312/312/jwjkh3k0/computer/d/a/m/hp-na-2-in-1-laptop-original-imafh777npqeqzzs.jpeg?q=70
1115,HP,HP Envy 13 Ryzen 5 Quad Core - (8 GB/512 GB SSD/Windows 10 Home) 13-ar0118AU 2 in 1 Laptop,80000,https://rukminim1.flixcart.com/image/312/312/k4irzbk0/computer/k/g/y/hp-na-2-in-1-laptop-original-imafnetfpdugtsnx.jpeg?q=70
1116,HP,HP Spectre Folio x360 Core i7 8th Gen - (16 GB/512 GB SSD/Windows 10 Pro) 13-ak0040TU 2 in 1 Laptop,215000,https://rukminim1.flixcart.com/image/312/312/js0o9zk0/computer/d/b/e/hp-na-2-in-1-laptop-original-imafdzjs5hm4vhfg.jpeg?q=70
1117,HP,HP Spectre x360 Core i5 8th Gen - (8 GB/256 GB SSD/Windows 10 Pro) 13-ap0121TU 2 in 1 Laptop,151133,https://rukminim1.flixcart.com/image/312/312/js0o9zk0/computer/h/g/2/hp-na-2-in-1-laptop-original-imafdzjsg9c7csh5.jpeg?q=70
1118,HP,HP Spectre x360 Core i7 8th Gen - (16 GB/512 GB SSD/Windows 10 Home) 13-ap0101TU 2 in 1 Laptop,172725,https://rukminim1.flixcart.com/image/312/312/js0o9zk0/computer/n/m/s/hp-na-2-in-1-laptop-original-imafdzjsz4u7qnmy.jpeg?q=70
1119,HP,HP Pavilion x360 Core i5 10th Gen - (8 GB/1 TB HDD/256 GB SSD/Windows 10 Home/2 GB Graphics) 14-dh1025...,79790,https://rukminim1.flixcart.com/image/312/312/k0cqqvk0/computer/6/u/f/hp-na-original-imafk64ya8dccvt8.jpeg?q=70
1120,HP,HP Pavilion x360 Core i5 8th Gen - (8 GB/256 GB SSD/Windows 10 Home) 14-dh0043TU 2 in 1 Laptop,64990,https://rukminim1.flixcart.com/image/312/312/jzrb53k0pkrrdj/computer/g/u/6/hp-na-2-in-1-laptop-original-imafghn4xssgnhee.jpeg?q=70
1121,HP,HP G4 Core i7 7th Gen - (16 GB/1 TB SSD/8 GB EMMC Storage/Windows 10 Pro) EliteBook 1040 G4 Laptop,246000,https://rukminim1.flixcart.com/image/312/312/jzd0qkw0/computer/h/n/y/hp-elitebook-1040-laptop-original-imafjebswe9wzyuk.jpeg?q=70
1122,HP,HP Spectre x360 Core i5 8th Gen - (8 GB/256 GB SSD/Windows 10 Home) 13-ap0100TU 2 in 1 Laptop,104990,https://rukminim1.flixcart.com/image/312/312/js0o9zk0/computer/n/m/s/hp-na-2-in-1-laptop-original-imafdzjsz4u7qnmy.jpeg?q=70
1123,HP,HP Pavilion x360 Core i7 10th Gen - (16 GB/512 GB SSD/Windows 10 Home/2 GB Graphics) 14-dh1026TX 2 in ...,104900,https://rukminim1.flixcart.com/image/312/312/k0zlsi80/computer/z/r/g/hp-na-2-in-1-laptop-original-imafknnfs3sjeypb.jpeg?q=70
1124,HP,HP Envy x2 Snapdragon 835 - (4 GB/128 GB EMMC Storage/Windows 10) 3SR51UA 2 in 1 Laptop,150000,https://rukminim1.flixcart.com/image/312/312/jzn0tjk0/computer/p/3/u/hp-na-2-in-1-laptop-original-imafjm4egfgrnrae.jpeg?q=70
1125,Huawei,Huawei MediaPad M5 Lite with stylus 64 GB 10.1 inch with Wi-Fi+4G Tablet (Space Grey),22990,https://rukminim1.flixcart.com/image/312/312/k6qsn0w0/tablet/z/4/v/huawei-bah2-al00-original-imafp4w7ky622jcy.jpeg?q=70
1126,Huawei,Huawei MediaPad M5 Lite 32 GB 10.1 inch with Wi-Fi+4G Tablet (Champagne Gold),20999,https://rukminim1.flixcart.com/image/312/312/k05ljm80/tablet/d/w/n/huawei-bah2-l09-original-imafkykahyexmpyz.jpeg?q=70
1127,Huawei,"Huawei P30 Pro (Breathing Crystal, 256 GB)",56990,https://rukminim1.flixcart.com/image/312/312/k2jbyq80pkrrdj/mobile-refurbished/r/y/9/p30-pro-256-a-p30-pro-huawei-8-original-imafkfcaf7zrnq6g.jpeg?q=70
1128,Huawei,Huawei Honor T1,9999,https://rukminim1.flixcart.com/image/312/312/tablet/b/6/k/huawei-t1-original-imaeyymzy5wnkmfq.jpeg?q=70
1129,Huawei,Huawei Honor X1,19999,https://rukminim1.flixcart.com/image/312/312/tablet/8/c/g/huawei-x1-original-imaey8u3kvmfpvsn.jpeg?q=70
1130,Huawei,Huawei MediaPad 7 Youth2 4 GB 7 inch with Wi-Fi+3G Tablet (Champagne (Black Panel)),12999,https://rukminim1.flixcart.com/image/312/312/tablet/5/3/g/huawei-mediapad-7-youth2-original-imadxxguwfzhpzkg.jpeg?q=70
1131,iball,iball Slide Skye 03 8 GB 7 inch with Wi-Fi+3G Tablet (Graphite Black),3999,https://rukminim1.flixcart.com/image/312/312/k79dd3k0/tablet/c/g/t/iball-skye-03-original-imafpjefkhnemkqg.jpeg?q=70
1132,iball,iball Slide Blaze v4 16 GB 7 inch with Wi-Fi+4G Tablet (Black),6100,https://rukminim1.flixcart.com/image/312/312/jzn0tjk0/tablet/c/h/c/iball-slide-blaze-v4-original-imafjjt735bmykyy.jpeg?q=70
1133,Intex,Intex iBuddy 7DD01 8 GB 7 inch with Wi-Fi+3G Tablet (Black),3999,https://rukminim1.flixcart.com/image/312/312/tablet/n/g/3/intex-ibuddy-7dd01-original-imaepsqmxxwjeusw.jpeg?q=70
1134,Intex,"Intex Turbo Selfieplus (Black, 20 MB)",1448,https://rukminim1.flixcart.com/image/312/312/juyev0w0/mobile/k/t/d/intex-turbo-selfieplus-turbo-selfieplus-original-imaffxpjuwt3tedh.jpeg?q=70
1135,Karbonn,Karbonn A34 HD Tablet,7990,https://rukminim1.flixcart.com/image/312/312/tablet/8/y/r/karbonn-a34-hd-original-imadhkthrgrqhzbs.jpeg?q=70
1136,Karbonn,Karbonn Smart Ta Fone A39 HD Tablet,8999,https://rukminim1.flixcart.com/image/312/312/tablet/8/y/t/karbonn-smart-ta-fone-a39-hd-original-imadmfb8tbxj8fnv.jpeg?q=70
1137,Lava,Lava Magnum X1 16 GB 6.98 inch with Wi-Fi+4G Tablet (White),7999,https://rukminim1.flixcart.com/image/312/312/j9338nk0/tablet/b/v/y/lava-t70-original-imaeyt3ym4crhacy.jpeg?q=70
1138,Lava,Lava Magnum X1 16 GB 6.98 inch with Wi-Fi+4G Tablet (Dark Blue),5690,https://rukminim1.flixcart.com/image/312/312/j9338nk0/tablet/h/s/z/lava-t70-original-imaeyt43t8rgam82.jpeg?q=70
1139,Lava,Lava Magnum-XL 16 GB 10.1 inch with Wi-Fi+4G Tablet (Silver),9580,https://rukminim1.flixcart.com/image/312/312/juzuavk0/tablet/4/p/r/lava-na-original-imaffvknzacxzazx.jpeg?q=70
1140,Lava,"Lava Z61 (Black, 16 GB)",5958,https://rukminim1.flixcart.com/image/312/312/jz05rww0/mobile/e/y/p/lava-z61-z61-original-imafj4bxyqfymbu9.jpeg?q=70
1141,Lava,Lava Ivory Plus 4G 8 GB 7 inch with 4G Tablet (Black),4399,https://rukminim1.flixcart.com/image/312/312/k34rki80/tablet/g/z/v/lava-t71-original-imafmcfjpjydngfa.jpeg?q=70
1142,Lava,Lava Xtron Z704 Tablet,6499,https://rukminim1.flixcart.com/image/312/312/tablet/g/u/u/lava-xtron-z704-original-imaef93cte9kzqy2.jpeg?q=70
1143,LG,"LG W30 Pro (Midnight Blue, 64GB GB)",13499,https://rukminim1.flixcart.com/image/312/312/k4irzbk0/mobile/t/f/f/lg-w30-pro-lm-x600im-original-imafnerkfzhmyjfx.jpeg?q=70
1144,LG,"LG W30 Plus (Aurora Green, 64 GB)",12399,https://rukminim1.flixcart.com/image/312/312/k612pow0/mobile/u/z/9/lg-w30-plus-lm-x440im-original-imafzkxgmhshfdh3.jpeg?q=70
1145,LG,"LG W30 Plus (Thunder blue, 64 GB)",11799,https://rukminim1.flixcart.com/image/312/312/k612pow0/mobile/w/r/b/lg-w30-plus-lm-x440im-original-imafzkxhtdcecz8f.jpeg?q=70
1146,LG,"LG Q60 (New Moroccan Blue, 64 GB)",12999,https://rukminim1.flixcart.com/image/312/312/k1s6ljk0/mobile/j/d/6/lg-q60-q60-original-imafha8ygafwpzgk.jpeg?q=70
1147,Mi,Mi Pad,12999,https://rukminim1.flixcart.com/image/312/312/tablet/f/x/n/xiaomi-mi-pad-original-imae5hprdszf9frh.jpeg?q=70
1148,Mi,Mi Pad,12999,https://rukminim1.flixcart.com/image/312/312/tablet/f/t/h/mi-mi-pad-original-imae6jazhz3hhc9v.jpeg?q=70
1149,Micromax,Micromax Fantabulet F666 8 GB 6.98 inch with Wi-Fi+3G Tablet (Grey),8200,https://rukminim1.flixcart.com/image/312/312/tablet/g/v/x/micromax-f666-original-imaeexfzgdr9hazk.jpeg?q=70
1150,Micromax,Micromax Canvas Tab 701+ 16 GB 7 inch with Wi-Fi+4G Tablet (Grey),5999,https://rukminim1.flixcart.com/image/312/312/j1cgdjk0/tablet/n/m/s/micromax-canvas-tab-701-original-imaespjaauynfqma.jpeg?q=70
1151,Micromax,Micromax Canvas Tab P701+ 16 GB 7 inch with Wi-Fi+4G Tablet (Blue),5999,https://rukminim1.flixcart.com/image/312/312/tablet/5/z/z/micromax-canvas-tab-701-original-imaepddhtdwtwuf9.jpeg?q=70
1152,Micromax,Micromax Canvas Tab P650 Tablet,16999,https://rukminim1.flixcart.com/image/312/312/tablet/c/t/t/micromax-canvas-tab-p650-original-imadztfcp7zfrwyb.jpeg?q=70
1153,Micromax,"Micromax Funbook Mini P410i Tablet (Wi-Fi, 3G)",7999,https://rukminim1.flixcart.com/image/312/312/tablet/e/v/v/micromax-funbook-mini-p410i-original-imadthrqzwz8vfze.jpeg?q=70
1154,Micromax,Micromax Canvas Tab 16 GB 8 inch with Wi-Fi+4G Tablet (Grey),9699,https://rukminim1.flixcart.com/image/312/312/tablet/s/k/b/micromax-p802-original-imaer24pffhcff3f.jpeg?q=70
1155,Micromax,Micromax Funbook Talk P360 Tablet,8499,https://rukminim1.flixcart.com/image/312/312/tablet/h/w/g/micromax-funbook-talk-p360-original-imadjkquujkemkuv.jpeg?q=70
1156,Micromax,Micromax Funbook Mini P365 Tablet,6999,https://rukminim1.flixcart.com/image/312/312/tablet/3/f/u/micromax-funbook-p365-original-imadshhcfynudepg.jpeg?q=70
1157,Micromax,Micromax Canvas Tab P70221 16 GB 7 inch with Wi-Fi+3G Tablet (Black),4550,https://rukminim1.flixcart.com/image/312/312/tablet/6/u/g/micromax-p70221-original-imaeevcp4raasyqu.jpeg?q=70
1158,Micromax,Micromax Canvas Tab P470,6748,https://rukminim1.flixcart.com/image/312/312/tablet/q/f/n/micromax-p470-original-imae2gxzxzxs3znc.jpeg?q=70
1159,Micromax,Micromax Funbook 3G P560 Tablet,8499,https://rukminim1.flixcart.com/image/312/312/tablet/s/z/y/micromax-funbook-3g-p560-original-imadjzyczfnzpzhy.jpeg?q=70
1160,Micromax,Micromax Canvas Tab P681 16 GB 8 inch with Wi-Fi+3G Tablet (Grey),4950,https://rukminim1.flixcart.com/image/312/312/tablet/w/9/g/micromax-p681-original-imaemvbjzcedhzb3.jpeg?q=70
1161,Micromax,Micromax Canvas Tab P701 8 GB 7 inch with Wi-Fi+4G Tablet (Grey),4999,https://rukminim1.flixcart.com/image/312/312/tablet/x/3/z/micromax-canvas-tab-p701-original-imaegujupksvfhjz.jpeg?q=70
1162,Micromax,Micromax Canvas Tab P470,6977,https://rukminim1.flixcart.com/image/312/312/tablet/4/y/u/micromax-p470-original-imae2gxzffsfzrdb.jpeg?q=70
1163,Micromax,Micromax Canvas Tabby P469 Family Tablet,5879,https://rukminim1.flixcart.com/image/312/312/tablet/g/m/f/micromax-p469-original-imaea573n7bdx9n7.jpeg?q=70
1164,Micromax,Micromax Canvas Tabby 8 GB 7 inch with Wi-Fi+3G Tablet (White),6786,https://rukminim1.flixcart.com/image/312/312/tablet/m/e/a/micromax-p-469-original-imaecrjy4d5xgg3p.jpeg?q=70
1165,Micromax,Micromax Canvas Tab P666,9400,https://rukminim1.flixcart.com/image/312/312/tablet/e/c/h/micromax-p666-original-imae2gxzx78gnkfs.jpeg?q=70
1166,Micromax,Micromax Canvas Tab P666,8749,https://rukminim1.flixcart.com/image/312/312/tablet/u/c/x/micromax-p666-original-imae2gxzfkzdyake.jpeg?q=70
1167,Micromax,Micromax Canvas Tab P650E Tablet,5786,https://rukminim1.flixcart.com/image/312/312/tablet/z/h/g/micromax-p650e-original-imadu4whq4u6f2f2.jpeg?q=70
1168,Micromax,Micromax Canvas Tab 16 GB 7 inch with Wi-Fi+4G Tablet (Grey),5890,https://rukminim1.flixcart.com/image/312/312/tablet/a/f/7/micromax-p701-original-imaeqs84gfgucqam.jpeg?q=70
1169,Micromax,Micromax Funbook P255 Tablet,5490,https://rukminim1.flixcart.com/image/312/312/tablet/s/p/j/micromax-funbook-p255-original-imadzpzetjnyr45w.jpeg?q=70
1170,Micromax,Micromax Canvas Tab P702 16 GB 7 inch with Wi-Fi+4G Tablet (Black),8450,https://rukminim1.flixcart.com/image/312/312/j34r6vk0-1/tablet/z/h/9/micromax-canvas-tab-p702-original-imaeucynwszm3cpf.jpeg?q=70
1171,Micromax,Micromax Canvas Tab P702 16 GB 7 inch inch with Wi-Fi+4G Tablet (Champange Gold),8490,https://rukminim1.flixcart.com/image/312/312/j6mhxu80/tablet/c/r/w/micromax-canvas-tab-p702-original-imaevyz7gzzbjrz6.jpeg?q=70
1172,Micromax,Micromax Canvas Tab P701 8 GB 7 inch with Wi-Fi+4G Tablet (Blue),4897,https://rukminim1.flixcart.com/image/312/312/tablet/t/q/n/micromax-canvas-tab-p701-original-imaegujuhjhpckry.jpeg?q=70
1173,Micromax,Micromax Canvas Tab P702 16 GB 7 inch with Wi-Fi+4G Tablet (White),4999,https://rukminim1.flixcart.com/image/312/312/tablet/g/f/z/micromax-canvas-tab-p702-original-imaehhvpkffzgxte.jpeg?q=70
1174,Micromax,Micromax Canvas P480 Tablet,4999,https://rukminim1.flixcart.com/image/312/312/tablet/z/e/u/micromax-p480-original-imaefmftkc9zavfg.jpeg?q=70
1175,Micromax,Micromax Funbook P280 Tablet,2999,https://rukminim1.flixcart.com/image/312/312/tablet/g/w/z/micromax-funbook-p280-original-imads9zrauyhvznx.jpeg?q=70
1176,Micromax,Micromax Funbook P255 Tablet,4099,https://rukminim1.flixcart.com/image/312/312/tablet/8/3/q/micromax-funbook-p255-original-imadrhkztjdyxree.jpeg?q=70
1177,Micromax,Micromax Funbook Ultra P580i Tablet,7786,https://rukminim1.flixcart.com/image/312/312/tablet/w/y/c/micromax-p580i-original-imae4c4zcdwast32.jpeg?q=70
1178,Microsoft,Microsoft Surface Go Pentium Gold - (4 GB/64 GB EMMC Storage/Windows 10 Home in S Mode) 1824 2 in 1 La...,29999,https://rukminim1.flixcart.com/image/312/312/jp8ngcw0/computer/m/g/h/microsoft-na-2-in-1-laptop-original-imafbgqzhjhmthh2.jpeg?q=70
1179,Microsoft,Microsoft Surface Pro 7 Core i7 10th Gen - (16 GB/256 GB SSD/Windows 10 Home) M1866 2 in 1 Laptop,137990,https://rukminim1.flixcart.com/image/312/312/k6b2snk0/computer/t/s/t/microsoft-na-original-imafzsfztzaumuqr.jpeg?q=70
1180,Microsoft,Microsoft Surface Pro 7 Core i5 10th Gen - (8 GB/256 GB SSD/Windows 10 Home) M1866 2 in 1 Laptop,113990,https://rukminim1.flixcart.com/image/312/312/k6b2snk0/computer/t/s/t/microsoft-na-original-imafzsfztzaumuqr.jpeg?q=70
1181,Microsoft,Microsoft Surface Pro 7 Core i3 10th Gen - (4 GB/128 GB SSD/Windows 10 Home) M1866 2 in 1 Laptop,70990,https://rukminim1.flixcart.com/image/312/312/k6b2snk0/computer/x/p/m/microsoft-na-original-imafzsfzndyyemuy.jpeg?q=70
1182,Microsoft,Microsoft Surface Go Pentium Gold - (8 GB/128 GB SSD/Windows 10 Home in S Mode) 1824 2 in 1 Laptop,49999,https://rukminim1.flixcart.com/image/312/312/jp8ngcw0/computer/m/g/h/microsoft-na-2-in-1-laptop-original-imafbgqzhjhmthh2.jpeg?q=70
1183,Microsoft,Microsoft Surface Pro 7 Core i5 10th Gen - (8 GB/128 GB SSD/Windows 10 Home) M1866 2 in 1 Laptop,85990,https://rukminim1.flixcart.com/image/312/312/k6b2snk0/computer/x/p/m/microsoft-na-original-imafzsfzndyyemuy.jpeg?q=70
1184,Microsoft,Microsoft Surface Laptop 2 Core i7 8th Gen - (16 GB/512 GB SSD/Windows 10 Home) 1769 2 in 1 Laptop,203999,https://rukminim1.flixcart.com/image/312/312/jrtj2q80/computer/f/j/h/microsoft-na-2-in-1-laptop-original-imafdjyazkfutgzz.jpeg?q=70
1185,OPPO,"OPPO K3 (Jade Black, 128 GB)",29999,https://rukminim1.flixcart.com/image/312/312/k2jbyq80pkrrdj/mobile-refurbished/h/e/q/k3-128-d-cph1955-oppo-8-original-imafjfbntn8npzu8.jpeg?q=70
1186,Redmi,"Redmi Y3 (Elegant Blue, 64 GB)",11600,https://rukminim1.flixcart.com/image/312/312/k6qsn0w0/mobile/x/e/4/redmi-y3-m1810f6i-original-imafp59sjuyc6gbp.jpeg?q=70
1187,SAMSUNG,Samsung Galaxy Tab 3 T211 Tablet,17745,https://rukminim1.flixcart.com/image/312/312/tablet/g/d/q/samsung-galaxy-tab-3-t211-original-imadnywanyrdarjt.jpeg?q=70
1188,Sony,Sony Xperia Z Tablet,33000,https://rukminim1.flixcart.com/image/312/312/tablet/g/f/g/sony-xperia-tablet-z-original-imadh564ewefzrxt.jpeg?q=70
1189,Videocon,Videocon VA75 4 GB 7 inch with Wi-Fi+2G Tablet (White),5899,https://rukminim1.flixcart.com/image/312/312/tablet/4/r/3/videocon-va75-original-imaeqnqwzz9zzwpp.jpeg?q=70
1190,VIVO,"VIVO V9 YOUTH (Black, 32 GB)",11890,https://rukminim1.flixcart.com/image/312/312/jt4olu80/mobile/g/b/5/vivo-v9-youth-v9-youth-original-imaf7786uxgg37z7.jpeg?q=70
1191,XOLO,XOLO Play Tab 7.0 Tablet,12999,https://rukminim1.flixcart.com/image/312/312/tablet/p/g/b/xolo-play-tab-7-0-original-imadpdfhabsuffst.jpeg?q=70
1192,XOLO,XOLO Play Tegra Note Tablet,18990,https://rukminim1.flixcart.com/image/312/312/tablet/t/4/y/xolo-tegra-note-original-imadrbeuvtkgzudj.jpeg?q=70
1193,XOLO,XOLO QC800 Tablet,13499,https://rukminim1.flixcart.com/image/312/312/tablet/c/b/7/xolo-qc800-original-imadzf82cphbhzhq.jpeg?q=70
1194,Zebronics,Zebronics Zebpad 7t500 3G Tablet,5950,https://rukminim1.flixcart.com/image/312/312/tablet/g/y/5/zebronics-zebpad-7t500-3g-original-imae4rsrzxdhqhbn.jpeg?q=70
1195,Zebronics,Zebronics Zabpad 8 GB 7 inch with Wi-Fi+3G Tablet (Black),5250,https://rukminim1.flixcart.com/image/312/312/tablet/f/k/4/zebronics-zebpad7t500-3g-original-imaefhv8auctzsyt.jpeg?q=70
1196,Zebronics,Zebronics ZEBPAD 7T 100 8 GB 7 inch with Wi-Fi+3G Tablet (Black),3755,https://rukminim1.flixcart.com/image/312/312/tablet/z/n/g/zebronics-zebpad-7t-100-original-imadnfbgf5bjrn4w.jpeg?q=70
1197,Zebronics,Zebronics zebpad 7t 100 8 GB 7 inch with Wi-Fi+2G Tablet (Black),4355,https://rukminim1.flixcart.com/image/312/312/tablet/x/z/m/zebronics-zebpad-7t-100-original-imaeg9bhmzpahrvd.jpeg?q=70
